Handle,Title,Body (HTML),Vendor,Product Category,Type,Tags,Published,Option1 Name,Option1 Value,Variant SKU,Variant Inventory Tracker,Variant Inventory Policy,Variant Fulfillment Service,Variant Price,Variant Requires Shipping,Variant Taxable,Image Src,Image Alt Text,Status
damiao-dm-j4310,DAMIAO DM-J4310-2EC,"<p>The workhorse of a lightweight research arm. A 4310-frame BLDC with an integrated FOC driver, a 10:1 planetary stage and encoders on both the rotor and the output, so the controller knows where the joint is even after the gearbox winds up.</p><ul><li>Dual encoder — rotor and output, so backlash is observed, not assumed</li><li>MIT impedance mode: position, velocity, kp, kd and feed-forward torque in one frame</li><li>Driver integrated into the housing — CAN in, torque out, no external ESC</li><li>Six of these sit in every MABEL arm pair</li></ul><h3>Performance</h3><table><tr><th>Rated torque</th><td>3.5 N·m</td></tr><tr><th>Peak torque</th><td>10 N·m</td></tr><tr><th>Reduction</th><td>10:1 planetary</td></tr><tr><th>Max speed</th><td>30 rad/s</td></tr><tr><th>Rated voltage</th><td>24 V DC</td></tr></table><h3>Feedback & control</h3><table><tr><th>Encoders</th><td>Dual — rotor + output, magnetic</td></tr><tr><th>Resolution</th><td>14-bit per encoder</td></tr><tr><th>Control modes</th><td>MIT impedance · position · velocity · torque</td></tr><tr><th>Bus</th><td>CAN 2.0A, up to 1 Mbit/s</td></tr><tr><th>Loop rate</th><td>Up to 1 kHz per joint</td></tr></table><h3>Physical</h3><table><tr><th>Mass</th><td>300 g</td></tr><tr><th>Outer diameter</th><td>43 mm</td></tr><tr><th>Output</th><td>Bolt-circle flange, 6 × M3</td></tr><tr><th>Connector</th><td>4-pin power + CAN pigtail</td></tr></table>",DAMIAO,,actuators,"mabel,arm,neck,can,mit-mode",TRUE,Title,Default Title,MR-ACT-4310,shopify,continue,manual,119.00,TRUE,TRUE,https://robotmabel.github.io/store/assets/img/products/damiao-dm-j4310.svg,DAMIAO DM-J4310-2EC,active
damiao-dm4340,DAMIAO DM4340,"<p>A step up in torque for shoulder roll and elbow. Same integrated-driver architecture as the 4310, same CAN protocol, roughly three times the continuous torque.</p><ul><li>9 N·m rated — sized for shoulder roll and elbow on a 7-DOF arm</li><li>Drop-in protocol compatibility with the rest of the DAMIAO line</li><li>Dual encoder for output-side position truth</li><li>Four per MABEL, two per arm</li></ul><h3>Performance</h3><table><tr><th>Rated torque</th><td>9 N·m</td></tr><tr><th>Peak torque</th><td>27 N·m</td></tr><tr><th>Reduction</th><td>Integrated planetary</td></tr><tr><th>Rated voltage</th><td>24 V DC</td></tr></table><h3>Feedback & control</h3><table><tr><th>Encoders</th><td>Dual — rotor + output</td></tr><tr><th>Control modes</th><td>MIT impedance · position · velocity · torque</td></tr><tr><th>Bus</th><td>CAN 2.0A, up to 1 Mbit/s</td></tr></table><h3>Physical</h3><table><tr><th>Frame</th><td>43 mm class</td></tr><tr><th>Output</th><td>Flanged, bolt circle</td></tr><tr><th>Connector</th><td>Power + CAN pigtail</td></tr></table>",DAMIAO,,actuators,"mabel,arm,can,mit-mode",TRUE,Title,Default Title,MR-ACT-4340,shopify,continue,manual,169.00,TRUE,TRUE,https://robotmabel.github.io/store/assets/img/products/damiao-dm4340.svg,DAMIAO DM4340,active
damiao-dm8009p,DAMIAO DM8009P,"<p>The shoulder joint. Where a 4310 runs out of authority — carrying a whole arm at full extension — the 8009P takes over with four times the torque in an 80 mm frame.</p><ul><li>40 N·m — holds a loaded arm horizontal without creeping</li><li>V4 hardware with the integrated driver and dual encoders</li><li>Shoulder pitch and yaw on both MABEL arms use this module</li><li>Same CAN frame format as every other DAMIAO joint</li></ul><h3>Performance</h3><table><tr><th>Peak torque</th><td>40 N·m</td></tr><tr><th>Reduction</th><td>Integrated planetary</td></tr><tr><th>Rated voltage</th><td>24 V DC</td></tr><tr><th>Hardware revision</th><td>V4</td></tr></table><h3>Feedback & control</h3><table><tr><th>Encoders</th><td>Dual — rotor + output</td></tr><tr><th>Control modes</th><td>MIT impedance · position · velocity · torque</td></tr><tr><th>Bus</th><td>CAN 2.0A, up to 1 Mbit/s</td></tr></table><h3>Physical</h3><table><tr><th>Frame</th><td>80 mm class</td></tr><tr><th>Output</th><td>Flanged, bolt circle</td></tr><tr><th>Connector</th><td>Power + CAN pigtail</td></tr></table>",DAMIAO,,actuators,"mabel,arm,shoulder,can,mit-mode",TRUE,Title,Default Title,MR-ACT-8009,shopify,continue,manual,359.00,TRUE,TRUE,https://robotmabel.github.io/store/assets/img/products/damiao-dm8009p.svg,DAMIAO DM8009P,active
damiao-dm10422p,DAMIAO DM10422P,"<p>A torso-scale joint. Hollow-shaft planetary reduction with dual inductive encoders — the bore lets the arm and head harness pass straight through the joint instead of looping around it.</p><ul><li>400 N·m — tilts an entire upper body under load</li><li>Hollow shaft: route power and CAN through the axis of rotation</li><li>Dual inductive encoders, immune to the magnetic clutter of a motor housing</li><li>MABEL's torso-pitch joint</li></ul><h3>Performance</h3><table><tr><th>Rated torque</th><td>400 N·m</td></tr><tr><th>Reduction</th><td>Hollow-shaft planetary</td></tr><tr><th>Rated voltage</th><td>24–48 V DC</td></tr></table><h3>Feedback & control</h3><table><tr><th>Encoders</th><td>Dual inductive, high precision</td></tr><tr><th>Control modes</th><td>Position · velocity · torque</td></tr><tr><th>Bus</th><td>CAN 2.0A</td></tr></table><h3>Physical</h3><table><tr><th>Through bore</th><td>Hollow shaft for harness pass-through</td></tr><tr><th>Output</th><td>Large-diameter bolt circle</td></tr></table>",DAMIAO,,actuators,"mabel,torso,can,hollow-shaft",TRUE,Title,Default Title,MR-ACT-10422,shopify,continue,manual,379.00,TRUE,TRUE,https://robotmabel.github.io/store/assets/img/products/damiao-dm10422p.svg,DAMIAO DM10422P,active
unitree-go-m8010-6,Unitree GO-M8010-6,"<p>The motor that made low-cost legged robots possible. A 6.33:1 planetary stage keeps the reflected inertia low enough for genuine torque control, so the leg feels the ground rather than fighting it.</p><ul><li>Quasi-direct drive — low gearing, high backdrivability</li><li>23.7 N·m peak from a 485 g package</li><li>RS-485 daisy chain, up to 15 motors on one bus</li><li>The standard actuator for quadruped and low-cost humanoid legs</li></ul><h3>Performance</h3><table><tr><th>Peak torque</th><td>23.7 N·m</td></tr><tr><th>Reduction</th><td>6.33:1 planetary</td></tr><tr><th>Max speed</th><td>33.5 rad/s</td></tr><tr><th>Rated voltage</th><td>24 V DC</td></tr></table><h3>Feedback & control</h3><table><tr><th>Encoder</th><td>15-bit absolute, rotor side</td></tr><tr><th>Control</th><td>Position · velocity · torque, with kp/kd</td></tr><tr><th>Bus</th><td>RS-485, 4 Mbit/s</td></tr></table><h3>Physical</h3><table><tr><th>Mass</th><td>485 g</td></tr><tr><th>Outer diameter</th><td>80 mm</td></tr><tr><th>Output</th><td>Keyed shaft with pulley flange</td></tr></table>",Unitree,,actuators,"legged,qdd,rs485",TRUE,Title,Default Title,MR-ACT-GO8010,shopify,continue,manual,159.00,TRUE,TRUE,https://robotmabel.github.io/store/assets/img/products/unitree-go-m8010-6.svg,Unitree GO-M8010-6,active
unitree-a1,Unitree A1 Motor,"<p>The larger sibling. Same quasi-direct-drive philosophy, more frame, more torque — for hips, knees and anything carrying the mass of a whole robot.</p><ul><li>33.5 N·m peak torque</li><li>9.1:1 planetary reduction</li><li>Fully backdrivable — safe for contact-rich work</li><li>RS-485 with the same protocol as the GO series</li></ul><h3>Performance</h3><table><tr><th>Peak torque</th><td>33.5 N·m</td></tr><tr><th>Reduction</th><td>9.1:1 planetary</td></tr><tr><th>Max speed</th><td>21 rad/s</td></tr><tr><th>Rated voltage</th><td>24 V DC</td></tr></table><h3>Feedback & control</h3><table><tr><th>Encoder</th><td>15-bit absolute</td></tr><tr><th>Control</th><td>Position · velocity · torque</td></tr><tr><th>Bus</th><td>RS-485</td></tr></table><h3>Physical</h3><table><tr><th>Mass</th><td>605 g</td></tr><tr><th>Outer diameter</th><td>88 mm</td></tr></table>",Unitree,,actuators,"legged,qdd,rs485",TRUE,Title,Default Title,MR-ACT-A1,shopify,continue,manual,309.00,TRUE,TRUE,https://robotmabel.github.io/store/assets/img/products/unitree-a1.svg,Unitree A1 Motor,active
xiaomi-cybergear-rs01,Xiaomi CyberGear RS-01,"<p>Xiaomi's micro-motor, sold openly and documented well. A 7.75:1 planetary stage, an integrated driver and a genuine impedance mode in a package small enough for a wrist.</p><ul><li>12 N·m peak from a 317 g motor</li><li>Impedance, position, velocity and current modes over CAN</li><li>Published protocol and a maintained SDK</li><li>A clean entry point for small arms and grippers</li></ul><h3>Performance</h3><table><tr><th>Rated torque</th><td>4 N·m</td></tr><tr><th>Peak torque</th><td>12 N·m</td></tr><tr><th>Reduction</th><td>7.75:1 planetary</td></tr><tr><th>Max speed</th><td>297 rpm</td></tr><tr><th>Rated voltage</th><td>24 V DC</td></tr></table><h3>Feedback & control</h3><table><tr><th>Encoder</th><td>14-bit magnetic</td></tr><tr><th>Control modes</th><td>Impedance · position · velocity · current</td></tr><tr><th>Bus</th><td>CAN 2.0, 1 Mbit/s</td></tr></table><h3>Physical</h3><table><tr><th>Mass</th><td>317 g</td></tr><tr><th>Outer diameter</th><td>60 mm</td></tr></table>",Xiaomi,,actuators,"compact,can,mit-mode",TRUE,Title,Default Title,MR-ACT-RS01,shopify,continue,manual,129.00,TRUE,TRUE,https://robotmabel.github.io/store/assets/img/products/xiaomi-cybergear-rs01.svg,Xiaomi CyberGear RS-01,active
xiaomi-cybergear-rs03,Xiaomi CyberGear RS-03,"<p>The high-torque CyberGear. Same protocol and tooling as the RS-01, scaled up for hips, shoulders and anything that has to hold a load statically.</p><ul><li>60 N·m peak torque</li><li>Shares the RS-01 CAN protocol and SDK</li><li>Integrated driver — no external ESC</li><li>For legs, shoulders and torso joints</li></ul><h3>Performance</h3><table><tr><th>Peak torque</th><td>60 N·m</td></tr><tr><th>Reduction</th><td>Integrated planetary</td></tr><tr><th>Rated voltage</th><td>48 V DC</td></tr></table><h3>Feedback & control</h3><table><tr><th>Encoder</th><td>Magnetic absolute</td></tr><tr><th>Control modes</th><td>Impedance · position · velocity · current</td></tr><tr><th>Bus</th><td>CAN 2.0</td></tr></table><h3>Physical</h3><table><tr><th>Frame</th><td>90 mm class</td></tr></table>",Xiaomi,,actuators,"can,mit-mode",TRUE,Title,Default Title,MR-ACT-RS03,shopify,continue,manual,349.00,TRUE,TRUE,https://robotmabel.github.io/store/assets/img/products/xiaomi-cybergear-rs03.svg,Xiaomi CyberGear RS-03,active
eyou-phu17h-80,EYou PHU17H-80,"<p>A harmonic-drive joint for work where backlash is not negotiable — camera motion, metrology, any arm whose repeatability is the specification. Strain-wave reduction means near-zero backlash and a hollow bore straight through the axis.</p><ul><li>Strain-wave (harmonic) reduction — near-zero backlash</li><li>101:1 in a single stage</li><li>CANopen CiA 402, so it drops into an existing motion stack</li><li>Hollow bore for through-axis cable routing</li></ul><h3>Performance</h3><table><tr><th>Reduction</th><td>101:1 strain wave</td></tr><tr><th>Backlash</th><td>Near zero, by construction</td></tr><tr><th>Rated voltage</th><td>48 V DC</td></tr></table><h3>Feedback & control</h3><table><tr><th>Encoders</th><td>Dual — motor + output</td></tr><tr><th>Protocol</th><td>CANopen, CiA 402 profile</td></tr><tr><th>Default node ID</th><td>1 (configurable, object 0x26A0)</td></tr></table><h3>Physical</h3><table><tr><th>Frame size</th><td>17</td></tr><tr><th>Through bore</th><td>Hollow output shaft</td></tr></table>",EYou,,actuators,"harmonic,canopen,zero-backlash,cinema",TRUE,Title,Default Title,MR-ACT-PHU17,shopify,continue,manual,1199.00,TRUE,TRUE,https://robotmabel.github.io/store/assets/img/products/eyou-phu17h-80.svg,EYou PHU17H-80,active
eyou-phu20h-100,EYou PHU20H-100,"<p>One frame size up from the PHU17H. For the proximal joints of a long-reach arm, where the joint carries every link outboard of it.</p><ul><li>Larger frame for base and shoulder joints</li><li>100:1 strain-wave reduction, near-zero backlash</li><li>CANopen CiA 402</li><li>Hollow output shaft</li></ul><h3>Performance</h3><table><tr><th>Reduction</th><td>100:1 strain wave</td></tr><tr><th>Backlash</th><td>Near zero</td></tr><tr><th>Rated voltage</th><td>48 V DC</td></tr></table><h3>Feedback & control</h3><table><tr><th>Encoders</th><td>Dual — motor + output</td></tr><tr><th>Protocol</th><td>CANopen, CiA 402 profile</td></tr></table><h3>Physical</h3><table><tr><th>Frame size</th><td>20</td></tr><tr><th>Through bore</th><td>Hollow output shaft</td></tr></table>",EYou,,actuators,"harmonic,canopen,zero-backlash,cinema",TRUE,Title,Default Title,MR-ACT-PHU20,shopify,continue,manual,1499.00,TRUE,TRUE,https://robotmabel.github.io/store/assets/img/products/eyou-phu20h-100.svg,EYou PHU20H-100,active
feetech-hl3915m,Feetech HL3915M,"<p>The finger servo. Sixteen of these drive one ORCA hand — dual-shaft so the output is supported on both sides, steel gears because a tendon-driven finger stalls often.</p><ul><li>Dual output shafts — the finger pivot is supported at both ends</li><li>Full steel gear train, rated for repeated stall</li><li>1 Mbit TTL bus: 16 servos share four wires</li><li>Position, speed and load readback on every servo</li></ul><h3>Performance</h3><table><tr><th>Stall torque</th><td>14 kg·cm at 12 V</td></tr><tr><th>Operating voltage</th><td>9–14.8 V DC</td></tr><tr><th>Gear train</th><td>Full steel</td></tr></table><h3>Feedback & control</h3><table><tr><th>Bus</th><td>TTL half-duplex, up to 1 Mbit/s</td></tr><tr><th>Feedback</th><td>Position, speed, load, voltage, temperature</td></tr><tr><th>Addressing</th><td>1–253 on one chain</td></tr><tr><th>Part number</th><td>HL-3915-C001</td></tr></table><h3>Physical</h3><table><tr><th>Output</th><td>Dual shaft</td></tr><tr><th>Connector</th><td>3-pin, daisy-chainable</td></tr></table>",Feetech,,actuators,"mabel,orca,hand,ttl,force-control",TRUE,Title,Default Title,MR-ACT-3915,shopify,continue,manual,44.00,TRUE,TRUE,https://robotmabel.github.io/store/assets/img/products/feetech-hl3915m.svg,Feetech HL3915M,active
feetech-hl3930m,Feetech HL3930M,"<p>The wrist servo of an ORCA hand. Metal case, two and a half times the torque of the finger servo, on the same TTL bus and in the same control API.</p><ul><li>35 kg·cm — rotates a loaded hand</li><li>Metal case, better heat path under sustained load</li><li>Same 1 Mbit TTL bus as the HL3915M</li><li>One per hand</li></ul><h3>Performance</h3><table><tr><th>Stall torque</th><td>35 kg·cm at 12 V</td></tr><tr><th>Operating voltage</th><td>9–14.8 V DC</td></tr><tr><th>Case</th><td>Metal</td></tr></table><h3>Feedback & control</h3><table><tr><th>Bus</th><td>TTL half-duplex, up to 1 Mbit/s</td></tr><tr><th>Feedback</th><td>Position, speed, load, voltage, temperature</td></tr><tr><th>Part number</th><td>HL-3930-C001</td></tr></table><h3>Physical</h3><table><tr><th>Output</th><td>Dual shaft</td></tr><tr><th>Connector</th><td>3-pin, daisy-chainable</td></tr></table>",Feetech,,actuators,"mabel,orca,hand,wrist,ttl",TRUE,Title,Default Title,MR-ACT-3930,shopify,continue,manual,69.00,TRUE,TRUE,https://robotmabel.github.io/store/assets/img/products/feetech-hl3930m.svg,Feetech HL3930M,active
feetech-sts3215,Feetech STS3215,"<p>The servo behind most low-cost teleoperation arms. A magnetic encoder on the output gives it absolute position, which is what makes leader-follower arms practical.</p><ul><li>Magnetic absolute encoder — knows its angle at power-on</li><li>30 kg·cm at 12 V</li><li>1 Mbit TTL bus, chainable</li><li>The standard actuator for leader-follower teleop rigs</li></ul><h3>Performance</h3><table><tr><th>Stall torque</th><td>30 kg·cm at 12 V</td></tr><tr><th>Operating voltage</th><td>6–12.6 V DC</td></tr><tr><th>Gear train</th><td>Metal</td></tr></table><h3>Feedback & control</h3><table><tr><th>Encoder</th><td>12-bit magnetic, absolute</td></tr><tr><th>Bus</th><td>TTL half-duplex, up to 1 Mbit/s</td></tr><tr><th>Feedback</th><td>Position, speed, load, temperature</td></tr></table><h3>Physical</h3><table><tr><th>Rotation</th><td>360° continuous or 0–360° position</td></tr></table>",Feetech,,actuators,"ttl,budget,teleop",TRUE,Title,Default Title,MR-ACT-3215,shopify,continue,manual,19.00,TRUE,TRUE,https://robotmabel.github.io/store/assets/img/products/feetech-sts3215.svg,Feetech STS3215,active
dynamixel-xc330,Dynamixel XC330-T181-T,"<p>A small, precise smart servo with a real control table — current-based position control, PID gains you can tune live, and status you can trust. MABEL's neck.</p><ul><li>181:1 gearing in a 23 g-class housing</li><li>Current-based position control for compliant head motion</li><li>Full control table over TTL</li><li>Two drive MABEL's neck pitch and roll</li></ul><h3>Performance</h3><table><tr><th>Stall torque</th><td>0.92 N·m at 12 V</td></tr><tr><th>Reduction</th><td>181:1</td></tr><tr><th>No-load speed</th><td>81 rpm at 12 V</td></tr><tr><th>Operating voltage</th><td>5–12 V DC</td></tr></table><h3>Feedback & control</h3><table><tr><th>Encoder</th><td>12-bit magnetic contactless</td></tr><tr><th>Control modes</th><td>Current · velocity · position · extended position · PWM</td></tr><tr><th>Bus</th><td>TTL, up to 4.5 Mbit/s</td></tr><tr><th>Model number</th><td>1190</td></tr></table><h3>Physical</h3><table><tr><th>Mass</th><td>23 g</td></tr><tr><th>Case</th><td>Engineering plastic</td></tr></table>",Robotis,,actuators,"mabel,neck,head,ttl",TRUE,Title,Default Title,MR-ACT-XC330,shopify,continue,manual,139.00,TRUE,TRUE,https://robotmabel.github.io/store/assets/img/products/dynamixel-xc330.svg,Dynamixel XC330-T181-T,active
nema17-foc,NEMA 17 Closed-Loop Stepper,"<p>A stepper that behaves like a servo. The integrated driver closes the loop on a magnetic encoder and commutates with field-oriented control, so it never loses steps and draws current in proportion to the load rather than constantly.</p><ul><li>Closed-loop FOC — no lost steps, no holding-current heat soak</li><li>Magnetic encoder on the rear shaft</li><li>Step/dir, UART or CAN command</li><li>For lead screws, lifts and linear axes</li></ul><h3>Performance</h3><table><tr><th>Holding torque</th><td>0.45 N·m</td></tr><tr><th>Step angle</th><td>1.8° (200 steps/rev)</td></tr><tr><th>Microstepping</th><td>Up to 1/256</td></tr><tr><th>Rated current</th><td>1.5 A/phase</td></tr><tr><th>Supply</th><td>12–36 V DC</td></tr></table><h3>Feedback & control</h3><table><tr><th>Encoder</th><td>14-bit magnetic, on-shaft</td></tr><tr><th>Commutation</th><td>Field-oriented control</td></tr><tr><th>Interface</th><td>Step/dir · UART · CAN</td></tr></table><h3>Physical</h3><table><tr><th>Frame</th><td>NEMA 17, 42 mm</td></tr><tr><th>Body length</th><td>48 mm</td></tr><tr><th>Shaft</th><td>5 mm with flat</td></tr></table>",MABEL Robotics,,actuators,"stepper,foc,lift,linear",TRUE,Title,Default Title,MR-ACT-N17FOC,shopify,continue,manual,44.00,TRUE,TRUE,https://robotmabel.github.io/store/assets/img/products/nema17-foc.svg,NEMA 17 Closed-Loop Stepper,active
nema23-foc,NEMA 23 Closed-Loop Stepper,"<p>The larger closed-loop stepper, for gantries, heavy lifts and anything that has to hold position with the power off the coils.</p><ul><li>1.9 N·m holding torque</li><li>Closed-loop FOC with on-shaft encoder</li><li>Step/dir, UART or CAN</li><li>57 mm NEMA 23 frame</li></ul><h3>Performance</h3><table><tr><th>Holding torque</th><td>1.9 N·m</td></tr><tr><th>Step angle</th><td>1.8°</td></tr><tr><th>Rated current</th><td>3.0 A/phase</td></tr><tr><th>Supply</th><td>24–48 V DC</td></tr></table><h3>Feedback & control</h3><table><tr><th>Encoder</th><td>14-bit magnetic</td></tr><tr><th>Commutation</th><td>Field-oriented control</td></tr><tr><th>Interface</th><td>Step/dir · UART · CAN</td></tr></table><h3>Physical</h3><table><tr><th>Frame</th><td>NEMA 23, 57 mm</td></tr><tr><th>Shaft</th><td>8 mm with flat</td></tr></table>",MABEL Robotics,,actuators,"stepper,foc,gantry",TRUE,Title,Default Title,MR-ACT-N23FOC,shopify,continue,manual,79.00,TRUE,TRUE,https://robotmabel.github.io/store/assets/img/products/nema23-foc.svg,NEMA 23 Closed-Loop Stepper,active
lift-column,Linear Lift Column,"<p>A three-stage telescoping column that gives a mobile robot a floor-to-tabletop workspace. MABEL uses the column and frame from a FlexiSpot E7 Pro desk, driven by its own controller instead of the desk's.</p><ul><li>0–635 mm stroke, three stages</li><li>Holds position with power removed</li><li>Driven from a Pico + BTS7960 in MABEL, or from your own controller</li><li>Turns a fixed-height robot into one that reaches the floor and the counter</li></ul><h3>Performance</h3><table><tr><th>Stroke</th><td>0–635 mm</td></tr><tr><th>Stages</th><td>3</td></tr><tr><th>Supply</th><td>24 V DC</td></tr><tr><th>Holding</th><td>Leadscrew, self-locking</td></tr></table><h3>Integration</h3><table><tr><th>Control</th><td>Direct H-bridge, or the MABEL Pico lift board</td></tr><tr><th>Feedback</th><td>Hall/limit, position by count</td></tr><tr><th>Source</th><td>FlexiSpot E7 Pro column and frame (CBR4830MD-E7WS)</td></tr></table><h3>Physical</h3><table><tr><th>Top plate</th><td>Bolt pattern for the MABEL torso adapter</td></tr></table>",MABEL Robotics,,actuators,"mabel,torso,linear",TRUE,Title,Default Title,MR-ACT-LIFT,shopify,continue,manual,519.00,TRUE,TRUE,https://robotmabel.github.io/store/assets/img/products/lift-column.svg,Linear Lift Column,active
planetary-gearbox-n17,"Planetary Gearbox, NEMA 17","<p>A planetary reduction that bolts to any NEMA 17 face. Trades speed for torque and reduces the resolution you need from the driver.</p><ul><li>5:1, 10:1 and 27:1 ratios</li><li>≤1° backlash</li><li>Standard NEMA 17 input face</li><li>8 mm keyed output</li></ul><h3>Performance</h3><table><tr><th>Ratios</th><td>5:1 · 10:1 · 27:1</td></tr><tr><th>Backlash</th><td>≤ 1°</td></tr><tr><th>Rated output torque</th><td>3 N·m at 10:1</td></tr><tr><th>Efficiency</th><td>≈ 90%</td></tr></table><h3>Physical</h3><table><tr><th>Input</th><td>NEMA 17 face, 5 mm bore</td></tr><tr><th>Output</th><td>8 mm keyed</td></tr><tr><th>Mass</th><td>260 g at 10:1</td></tr></table>",MABEL Robotics,,actuators,"gearbox,stepper",TRUE,Title,Default Title,MR-ACT-PG17,shopify,continue,manual,39.00,TRUE,TRUE,https://robotmabel.github.io/store/assets/img/products/planetary-gearbox-n17.svg,"Planetary Gearbox, NEMA 17",active
swerve-module,MABEL Swerve Module,"<p>One corner of a holonomic base, built and run in before it ships. Independent drive and steering motors, a belt-driven azimuth stage with an absolute encoder, and a traction wheel — bolt three or four to a plate and the robot moves in any direction while facing any direction.</p><ul><li>Drive and azimuth motors, controllers, belt stage and wheel — complete</li><li>Absolute azimuth encoder: no homing routine at power-on</li><li>Continuous 360° steering, no wire wrap</li><li>Every module is run through a steering and drive test before it ships</li></ul><h3>Drive</h3><table><tr><th>Wheel diameter</th><td>76 mm (3 in)</td></tr><tr><th>Free speed</th><td>4.4 m/s</td></tr><tr><th>Drive reduction</th><td>Belt + planetary</td></tr><tr><th>Traction</th><td>Grey rubber tread</td></tr></table><h3>Steering</h3><table><tr><th>Azimuth range</th><td>Continuous 360°</td></tr><tr><th>Azimuth feedback</th><td>Absolute magnetic encoder</td></tr><tr><th>Azimuth reduction</th><td>Belt drive</td></tr></table><h3>Interfaces</h3><table><tr><th>Bus</th><td>CAN</td></tr><tr><th>Supply</th><td>24 V DC</td></tr><tr><th>Mounting</th><td>Flat top plate, bolt circle</td></tr></table>",MABEL Robotics,,wheels,"mabel,base,holonomic,swerve",TRUE,Title,Default Title,MR-WHL-SWRV,shopify,continue,manual,899.00,TRUE,TRUE,https://robotmabel.github.io/store/assets/img/products/swerve-module.svg,MABEL Swerve Module,active
hexfellow-swerve-motor,HexFellow FOC Drive Motor,"<p>The motor inside a swerve module. Field-oriented control with the driver on board, speaking CANopen so it joins the same bus as the rest of the drivetrain.</p><ul><li>Integrated FOC driver — velocity and torque control out of the box</li><li>CANopen: two motors per swerve module, all on one bus</li><li>Temperature telemetry per motor</li><li>Two per module in a four-module base</li></ul><h3>Performance</h3><table><tr><th>Control</th><td>Field-oriented, velocity and torque</td></tr><tr><th>Supply</th><td>24 V DC</td></tr></table><h3>Interfaces</h3><table><tr><th>Protocol</th><td>CANopen</td></tr><tr><th>Telemetry</th><td>Speed, current, temperature</td></tr><tr><th>Data format</th><td>float32 process values</td></tr></table>",HexFellow,,wheels,"swerve,canopen,foc,base",TRUE,Title,Default Title,MR-WHL-HEXF,shopify,continue,manual,239.00,TRUE,TRUE,https://robotmabel.github.io/store/assets/img/products/hexfellow-swerve-motor.svg,HexFellow FOC Drive Motor,active
azimuth-encoder-kit,Azimuth Encoder Kit,"<p>Absolute angle on the steering axis, so a module knows which way its wheel points the instant it powers on. Magnet, board, and the standoffs to set the air gap.</p><ul><li>14-bit absolute — no homing sweep at boot</li><li>Diametric magnet and mount included</li><li>SPI or PWM output</li><li>Sets the air gap correctly by construction</li></ul><h3>Performance</h3><table><tr><th>Resolution</th><td>14-bit (16 384 counts/rev)</td></tr><tr><th>Type</th><td>Absolute, on-axis magnetic</td></tr><tr><th>Air gap</th><td>0.5–2.5 mm</td></tr></table><h3>Interfaces</h3><table><tr><th>Output</th><td>SPI · PWM · analogue</td></tr><tr><th>Supply</th><td>3.3 or 5 V</td></tr></table>",MABEL Robotics,,wheels,"swerve,encoder,base",TRUE,Title,Default Title,MR-WHL-AZENC,shopify,continue,manual,34.00,TRUE,TRUE,https://robotmabel.github.io/store/assets/img/products/azimuth-encoder-kit.svg,Azimuth Encoder Kit,active
wheel-traction-3,"Traction Wheel, 76 mm","<p>Grey non-marking tread on an aluminium hub. The default swerve wheel.</p><ul><li>Aluminium hub, not moulded plastic</li><li>Standard hex or bolt-circle bore</li><li>Non-marking compound</li><li>Matched sets available</li></ul><h3>Wheel</h3><table><tr><th>Diameter</th><td>76 mm (3 in)</td></tr><tr><th>Type</th><td>Traction</td></tr><tr><th>Tread</th><td>Non-marking rubber</td></tr><tr><th>Hub</th><td>Machined aluminium</td></tr></table><h3>Fitment</h3><table><tr><th>Bore</th><td>1/2 in hex or M8 bolt circle</td></tr><tr><th>Load rating</th><td>25 kg per wheel</td></tr></table>",MABEL Robotics,,wheels,"base,traction",TRUE,Title,Default Title,MR-WHL-3,shopify,continue,manual,17.99,TRUE,TRUE,https://robotmabel.github.io/store/assets/img/products/wheel-traction-3.svg,"Traction Wheel, 76 mm",active
wheel-traction-6,"Traction Wheel, 152 mm","<p>A larger traction wheel for rougher floors, door thresholds and cable runs.</p><ul><li>Aluminium hub, not moulded plastic</li><li>Standard hex or bolt-circle bore</li><li>Non-marking compound</li><li>Matched sets available</li></ul><h3>Wheel</h3><table><tr><th>Diameter</th><td>152 mm (6 in)</td></tr><tr><th>Type</th><td>Traction</td></tr><tr><th>Tread</th><td>Non-marking rubber</td></tr><tr><th>Hub</th><td>Machined aluminium</td></tr></table><h3>Fitment</h3><table><tr><th>Bore</th><td>1/2 in hex or M8 bolt circle</td></tr><tr><th>Load rating</th><td>25 kg per wheel</td></tr></table>",MABEL Robotics,,wheels,"base,traction",TRUE,Title,Default Title,MR-WHL-6,shopify,continue,manual,34.00,TRUE,TRUE,https://robotmabel.github.io/store/assets/img/products/wheel-traction-6.svg,"Traction Wheel, 152 mm",active
wheel-omni-100,"Omni Wheel, 100 mm","<p>Rollers on the rim let the wheel slide sideways freely — three or four give a holonomic base without steering motors.</p><ul><li>Aluminium hub, not moulded plastic</li><li>Standard hex or bolt-circle bore</li><li>Non-marking compound</li><li>Matched sets available</li></ul><h3>Wheel</h3><table><tr><th>Diameter</th><td>100 mm</td></tr><tr><th>Type</th><td>Omni</td></tr><tr><th>Tread</th><td>Non-marking rubber</td></tr><tr><th>Hub</th><td>Machined aluminium</td></tr></table><h3>Fitment</h3><table><tr><th>Bore</th><td>1/2 in hex or M8 bolt circle</td></tr><tr><th>Load rating</th><td>25 kg per wheel</td></tr></table>",MABEL Robotics,,wheels,"base,omni",TRUE,Title,Default Title,MR-WHL-100,shopify,continue,manual,24.00,TRUE,TRUE,https://robotmabel.github.io/store/assets/img/products/wheel-omni-100.svg,"Omni Wheel, 100 mm",active
wheel-mecanum-152,"Mecanum Wheel, 152 mm","<p>Angled rollers turn four independent wheels into full planar motion. Sold as a handed set of four.</p><ul><li>Aluminium hub, not moulded plastic</li><li>Standard hex or bolt-circle bore</li><li>Non-marking compound</li><li>Matched sets available</li></ul><h3>Wheel</h3><table><tr><th>Diameter</th><td>152 mm</td></tr><tr><th>Type</th><td>Mecanum</td></tr><tr><th>Tread</th><td>Non-marking rubber</td></tr><tr><th>Hub</th><td>Machined aluminium</td></tr></table><h3>Fitment</h3><table><tr><th>Bore</th><td>1/2 in hex or M8 bolt circle</td></tr><tr><th>Load rating</th><td>25 kg per wheel</td></tr></table>",MABEL Robotics,,wheels,"base,mecanum",TRUE,Title,Default Title,MR-WHL-152,shopify,continue,manual,59.00,TRUE,TRUE,https://robotmabel.github.io/store/assets/img/products/wheel-mecanum-152.svg,"Mecanum Wheel, 152 mm",active
hub-motor-8,"Hub Drive Motor, 8 in","<p>Motor and wheel in one part. Nothing to align, nothing to tension — for differential bases where simplicity beats holonomy.</p><ul><li>Direct drive, no gearbox to service</li><li>Hall sensors for smooth low-speed commutation</li><li>Regenerative braking with a suitable controller</li><li>Two make a differential base</li></ul><h3>Performance</h3><table><tr><th>Diameter</th><td>203 mm (8 in)</td></tr><tr><th>Rated power</th><td>250 W</td></tr><tr><th>Supply</th><td>24–36 V DC</td></tr><tr><th>Rated torque</th><td>12 N·m</td></tr></table><h3>Feedback</h3><table><tr><th>Sensors</th><td>3 × Hall</td></tr><tr><th>Controller</th><td>External BLDC/FOC required</td></tr></table>",MABEL Robotics,,wheels,"base,differential",TRUE,Title,Default Title,MR-WHL-HUB8,shopify,continue,manual,129.00,TRUE,TRUE,https://robotmabel.github.io/store/assets/img/products/hub-motor-8.svg,"Hub Drive Motor, 8 in",active
belt-pulley-set,HTD-5M Belt & Pulley Set,"<p>The transmission side of a swerve module or a belt-driven arm joint: matched HTD-5M belts, aluminium pulleys in the common tooth counts, and idlers to take up slack.</p><ul><li>HTD-5M profile — the standard for robot drivetrains</li><li>Pulleys in 15T, 18T, 24T, 36T and 60T</li><li>Closed-loop belts in five lengths</li><li>Bearing idlers for tensioning</li></ul><h3>Contents</h3><table><tr><th>Belt profile</th><td>HTD-5M, 15 mm wide</td></tr><tr><th>Belt lengths</th><td>150 · 225 · 300 · 375 · 450 mm</td></tr><tr><th>Pulleys</th><td>15T · 18T · 24T · 36T · 60T, aluminium</td></tr><tr><th>Idlers</th><td>2 × sealed-bearing</td></tr></table><h3>Fitment</h3><table><tr><th>Bore</th><td>8 mm with M4 set screws</td></tr><tr><th>Flanges</th><td>Both sides on all pulleys</td></tr></table>",MABEL Robotics,,wheels,"base,transmission",TRUE,Title,Default Title,MR-WHL-HTD5,shopify,continue,manual,44.00,TRUE,TRUE,https://robotmabel.github.io/store/assets/img/products/belt-pulley-set.svg,HTD-5M Belt & Pulley Set,active
screw-set-metric,"Metric Fastener Set, M2–M6","<p>The set you actually reach for. Socket-head cap screws from M2 to M6 in the lengths a robot needs, with matching nuts and washers, in a case with dividers that stay put.</p><ul><li>A2 stainless throughout — no rust on a robot that lives near a sink</li><li>M2, M2.5, M3, M4, M5, M6 in 6–30 mm lengths</li><li>Nyloc nuts and flat washers to match every size</li><li>Latching case with fixed dividers</li></ul><h3>Contents</h3><table><tr><th>Screws</th><td>M2–M6 socket head cap, 6–30 mm</td></tr><tr><th>Nuts</th><td>Nyloc and plain hex, M2–M6</td></tr><tr><th>Washers</th><td>Flat and split, M2–M6</td></tr><tr><th>Total pieces</th><td>≈ 1 200</td></tr></table><h3>Material</h3><table><tr><th>Grade</th><td>A2 / 304 stainless</td></tr><tr><th>Drive</th><td>Hex socket</td></tr><tr><th>Thread</th><td>Coarse, ISO metric</td></tr></table>",MABEL Robotics,,hardware,"mabel,fasteners,stainless",TRUE,Title,Default Title,MR-HW-SCRW,shopify,continue,manual,19.99,TRUE,TRUE,https://robotmabel.github.io/store/assets/img/products/screw-set-metric.svg,"Metric Fastener Set, M2–M6",active
heatset-insert-kit,"Heat-Set Insert Kit, M2–M5","<p>Threads in printed plastic that survive being taken apart. Knurled brass inserts melt into the print and give you a real machine thread — the single biggest upgrade to a 3D-printed robot's serviceability.</p><ul><li>M2, M2.5, M3, M4 and M5 in short and long forms</li><li>Matched soldering-iron tips for each size — the part most kits leave out</li><li>Knurled and barbed so they resist both pull-out and rotation</li><li>500 inserts, enough for a whole robot</li></ul><h3>Contents</h3><table><tr><th>Inserts</th><td>M2 · M2.5 · M3 · M4 · M5, two lengths each</td></tr><tr><th>Quantity</th><td>500 pieces</td></tr><tr><th>Tips</th><td>5 installation tips, M3 iron thread</td></tr></table><h3>Material</h3><table><tr><th>Insert</th><td>Brass, knurled and barbed</td></tr><tr><th>Working temperature</th><td>200–250 °C</td></tr></table>",MABEL Robotics,,hardware,"3d-printing,fasteners",TRUE,Title,Default Title,MR-HW-INSRT,shopify,continue,manual,24.00,TRUE,TRUE,https://robotmabel.github.io/store/assets/img/products/heatset-insert-kit.svg,"Heat-Set Insert Kit, M2–M5",active
extrusion-2020,"Aluminium Extrusion, 20×20","<p>The default frame stock. Light, stiff enough for most robot structure, and every bracket in the world fits it.</p><ul><li>Cut to your length, ±0.5 mm, ends faced square</li><li>6063-T5, clear anodised</li><li>T-slot on every face</li><li>Priced per 100 mm — order the length you need</li></ul><h3>Profile</h3><table><tr><th>Section</th><td>20 × 20 mm</td></tr><tr><th>Slot width</th><td>6 mm</td></tr><tr><th>Alloy</th><td>6063-T5</td></tr><tr><th>Finish</th><td>Clear anodised</td></tr></table><h3>Supply</h3><table><tr><th>Cut tolerance</th><td>±0.5 mm</td></tr><tr><th>Ends</th><td>Faced square</td></tr><tr><th>Priced</th><td>Per 100 mm</td></tr><tr><th>Maximum length</th><td>2 000 mm</td></tr></table>",MABEL Robotics,,hardware,"frame,extrusion",TRUE,Title,Default Title,MR-HW-2020,shopify,continue,manual,12.99,TRUE,TRUE,https://robotmabel.github.io/store/assets/img/products/extrusion-2020.svg,"Aluminium Extrusion, 20×20",active
extrusion-2040,"Aluminium Extrusion, 20×40","<p>Twice the section modulus in the direction that matters. For gantry beams and cantilevered arms.</p><ul><li>Cut to your length, ±0.5 mm, ends faced square</li><li>6063-T5, clear anodised</li><li>T-slot on every face</li><li>Priced per 100 mm — order the length you need</li></ul><h3>Profile</h3><table><tr><th>Section</th><td>20 × 40 mm</td></tr><tr><th>Slot width</th><td>6 mm</td></tr><tr><th>Alloy</th><td>6063-T5</td></tr><tr><th>Finish</th><td>Clear anodised</td></tr></table><h3>Supply</h3><table><tr><th>Cut tolerance</th><td>±0.5 mm</td></tr><tr><th>Ends</th><td>Faced square</td></tr><tr><th>Priced</th><td>Per 100 mm</td></tr><tr><th>Maximum length</th><td>2 000 mm</td></tr></table>",MABEL Robotics,,hardware,"frame,extrusion",TRUE,Title,Default Title,MR-HW-2040,shopify,continue,manual,24.00,TRUE,TRUE,https://robotmabel.github.io/store/assets/img/products/extrusion-2040.svg,"Aluminium Extrusion, 20×40",active
extrusion-1010,"Aluminium Extrusion, 1×1 in","<p>Imperial 1010-series, for frames that have to bolt to imperial hardware.</p><ul><li>Cut to your length, ±0.5 mm, ends faced square</li><li>6063-T5, clear anodised</li><li>T-slot on every face</li><li>Priced per 100 mm — order the length you need</li></ul><h3>Profile</h3><table><tr><th>Section</th><td>25.4 × 25.4 mm (1010)</td></tr><tr><th>Slot width</th><td>8 mm</td></tr><tr><th>Alloy</th><td>6063-T5</td></tr><tr><th>Finish</th><td>Clear anodised</td></tr></table><h3>Supply</h3><table><tr><th>Cut tolerance</th><td>±0.5 mm</td></tr><tr><th>Ends</th><td>Faced square</td></tr><tr><th>Priced</th><td>Per 100 mm</td></tr><tr><th>Maximum length</th><td>2 000 mm</td></tr></table>",MABEL Robotics,,hardware,"frame,extrusion",TRUE,Title,Default Title,MR-HW-1010,shopify,continue,manual,16.99,TRUE,TRUE,https://robotmabel.github.io/store/assets/img/products/extrusion-1010.svg,"Aluminium Extrusion, 1×1 in",active
extrusion-2x2,"Aluminium Extrusion, 2×2 in","<p>Heavy structural section. MABEL's body frame is built from 2×2 and 2×4 in stock.</p><ul><li>Cut to your length, ±0.5 mm, ends faced square</li><li>6063-T5, clear anodised</li><li>T-slot on every face</li><li>Priced per 100 mm — order the length you need</li></ul><h3>Profile</h3><table><tr><th>Section</th><td>50.8 × 50.8 mm</td></tr><tr><th>Slot width</th><td>8 mm</td></tr><tr><th>Alloy</th><td>6063-T5</td></tr><tr><th>Finish</th><td>Clear anodised</td></tr></table><h3>Supply</h3><table><tr><th>Cut tolerance</th><td>±0.5 mm</td></tr><tr><th>Ends</th><td>Faced square</td></tr><tr><th>Priced</th><td>Per 100 mm</td></tr><tr><th>Maximum length</th><td>2 000 mm</td></tr></table>",MABEL Robotics,,hardware,"mabel,frame,extrusion",TRUE,Title,Default Title,MR-HW-2X2,shopify,continue,manual,49.00,TRUE,TRUE,https://robotmabel.github.io/store/assets/img/products/extrusion-2x2.svg,"Aluminium Extrusion, 2×2 in",active
extrusion-brackets,Extrusion Bracket Set,"<p>Everything that joins one piece of extrusion to another: 90° corner brackets, angled joining plates, and the spring T-nuts that let you add a bracket without taking the frame apart.</p><ul><li>90° corner brackets, gusseted</li><li>Angled joining plates for non-square frames</li><li>Spring T-nuts — drop in anywhere along a slot</li><li>Button-head screws sized to the nuts, included</li></ul><h3>Contents</h3><table><tr><th>Corner brackets</th><td>20 × 90°, gusseted</td></tr><tr><th>Angled plates</th><td>20 × adjustable</td></tr><tr><th>T-nuts</th><td>100 × spring-loaded</td></tr><tr><th>Screws</th><td>120 × M5 button head</td></tr></table><h3>Fitment</h3><table><tr><th>Series</th><td>20-series and 1010</td></tr><tr><th>Material</th><td>Die-cast zinc, black</td></tr></table>",MABEL Robotics,,hardware,"mabel,frame,extrusion",TRUE,Title,Default Title,MR-HW-BRKT,shopify,continue,manual,39.00,TRUE,TRUE,https://robotmabel.github.io/store/assets/img/products/extrusion-brackets.svg,Extrusion Bracket Set,active
bearing-set,Deep-Groove Bearing Set,"<p>The four bearing sizes that show up again and again in robot joints, idlers and tensioners, in rubber-sealed ABEC-3 grade. Twenty of each.</p><ul><li>608, 625, 6800 and 6805, twenty of each</li><li>Rubber-sealed — survives a workshop</li><li>ABEC-3, pre-lubricated</li><li>Chrome steel races</li></ul><h3>Sizes</h3><table><tr><th>608-2RS</th><td>8 × 22 × 7 mm</td></tr><tr><th>625-2RS</th><td>5 × 16 × 5 mm</td></tr><tr><th>6800-2RS</th><td>10 × 19 × 5 mm</td></tr><tr><th>6805-2RS</th><td>25 × 37 × 7 mm</td></tr></table><h3>Specification</h3><table><tr><th>Grade</th><td>ABEC-3</td></tr><tr><th>Seals</th><td>Rubber, both sides</td></tr><tr><th>Material</th><td>GCr15 chrome steel</td></tr><tr><th>Quantity</th><td>80 pieces total</td></tr></table>",MABEL Robotics,,hardware,"bearings,rotation",TRUE,Title,Default Title,MR-HW-BRNG,shopify,continue,manual,34.00,TRUE,TRUE,https://robotmabel.github.io/store/assets/img/products/bearing-set.svg,Deep-Groove Bearing Set,active
thin-section-bearing,Crossed-Roller Bearing,"<p>One bearing where a joint would otherwise need three. Rollers alternate at 90°, so a single thin race carries radial load, axial load in both directions, and the overturning moment of a cantilevered link.</p><ul><li>Takes radial, axial and moment load in one race</li><li>Thin section — the joint stays compact</li><li>The standard output bearing for harmonic joints</li><li>Pre-loaded, no shimming needed</li></ul><h3>Bearing</h3><table><tr><th>Type</th><td>Crossed roller, alternating 90°</td></tr><tr><th>Bore</th><td>50 mm</td></tr><tr><th>Outer diameter</th><td>80 mm</td></tr><tr><th>Width</th><td>15 mm</td></tr></table><h3>Rating</h3><table><tr><th>Dynamic load</th><td>12.4 kN</td></tr><tr><th>Tilting rigidity</th><td>Pre-loaded, zero clearance</td></tr><tr><th>Runout</th><td>≤ 0.01 mm</td></tr></table>",MABEL Robotics,,hardware,"bearings,joint,harmonic",TRUE,Title,Default Title,MR-HW-XSEC,shopify,continue,manual,89.00,TRUE,TRUE,https://robotmabel.github.io/store/assets/img/products/thin-section-bearing.svg,Crossed-Roller Bearing,active
linear-rail-mgn12,Linear Rail MGN12 + Carriage,"<p>Stiff, low-friction linear motion. Recirculating balls in a hardened steel rail — the guide that makes a printed linear axis behave like a machine tool.</p><ul><li>MGN12H carriage with four ball circuits</li><li>Hardened and ground rail, ±0.02 mm straightness</li><li>Cut to length with mounting holes on 25 mm centres</li><li>Pre-lubricated, with wipers on both ends</li></ul><h3>Rail</h3><table><tr><th>Series</th><td>MGN12</td></tr><tr><th>Width</th><td>12 mm</td></tr><tr><th>Height</th><td>8 mm</td></tr><tr><th>Hole pitch</th><td>25 mm</td></tr><tr><th>Lengths</th><td>200–1 000 mm</td></tr></table><h3>Carriage</h3><table><tr><th>Type</th><td>MGN12H, long body</td></tr><tr><th>Dynamic load</th><td>3.4 kN</td></tr><tr><th>Static load</th><td>5.7 kN</td></tr><tr><th>Accuracy</th><td>±0.02 mm straightness</td></tr></table>",MABEL Robotics,,hardware,"linear,gantry",TRUE,Title,Default Title,MR-HW-MGN12,shopify,continue,manual,44.00,TRUE,TRUE,https://robotmabel.github.io/store/assets/img/products/linear-rail-mgn12.svg,Linear Rail MGN12 + Carriage,active
leadscrew-t8,T8 Lead Screw & Anti-Backlash Nut,"<p>Turns rotation into a lift that holds itself up. A 2 mm lead is self-locking, so the axis stays where you left it when the motor is off.</p><ul><li>Self-locking at 2 mm lead — no brake needed</li><li>Spring-loaded anti-backlash nut</li><li>Stainless screw, POM nut</li><li>Cut to length, ends turned for a bearing</li></ul><h3>Screw</h3><table><tr><th>Diameter</th><td>8 mm</td></tr><tr><th>Lead</th><td>2 mm/rev</td></tr><tr><th>Thread</th><td>Trapezoidal Tr8</td></tr><tr><th>Material</th><td>304 stainless</td></tr><tr><th>Lengths</th><td>200–1 000 mm</td></tr></table><h3>Nut</h3><table><tr><th>Type</th><td>Anti-backlash, spring preloaded</td></tr><tr><th>Material</th><td>POM</td></tr><tr><th>Flange</th><td>Ø 22 mm, 3 × M3</td></tr></table>",MABEL Robotics,,hardware,"linear,lift",TRUE,Title,Default Title,MR-HW-T8,shopify,continue,manual,24.00,TRUE,TRUE,https://robotmabel.github.io/store/assets/img/products/leadscrew-t8.svg,T8 Lead Screw & Anti-Backlash Nut,active
magnet-set,Neodymium Magnet Set,"<p>How MABEL's covers stay on and still come off in a second. N52 discs in three sizes, sized to press-fit into a printed pocket.</p><ul><li>N52 — the strongest commercial grade</li><li>6, 8 and 10 mm discs, nickel plated</li><li>Press-fit into a 0.1 mm interference pocket</li><li>Comes with steel keeper plates</li></ul><h3>Magnets</h3><table><tr><th>Grade</th><td>N52 neodymium</td></tr><tr><th>Sizes</th><td>6×3 · 8×3 · 10×3 mm</td></tr><tr><th>Quantity</th><td>60 pieces</td></tr><tr><th>Plating</th><td>Ni-Cu-Ni</td></tr></table><h3>Notes</h3><table><tr><th>Max temperature</th><td>80 °C</td></tr><tr><th>Pull force</th><td>1.1 kg at 8×3 mm</td></tr></table>",MABEL Robotics,,hardware,"mabel,covers",TRUE,Title,Default Title,MR-HW-MAGN,shopify,continue,manual,16.99,TRUE,TRUE,https://robotmabel.github.io/store/assets/img/products/magnet-set.svg,Neodymium Magnet Set,active
openarm-structure,OpenArm Structural Set,"<p>Every structural part for a pair of 7-DOF OpenArm arms, machined from 7075 aluminium with sheet-steel brackets where stiffness matters more than mass. The parts the DAMIAO joints bolt into.</p><ul><li>Complete dual-arm set — links, brackets, covers, hardware</li><li>7075-T6 CNC for the links, sheet steel for the shoulder brackets</li><li>Bores reamed to the joint flanges, no fitting required</li><li>Matches the published OpenArm geometry</li></ul><h3>Material</h3><table><tr><th>Links</th><td>7075-T6 aluminium, CNC</td></tr><tr><th>Brackets</th><td>Sheet steel, laser cut and bent</td></tr><tr><th>Finish</th><td>Clear anodised / powder coat</td></tr></table><h3>Contents</h3><table><tr><th>Coverage</th><td>Both arms, 7 DOF each</td></tr><tr><th>Fasteners</th><td>Included, sized per joint</td></tr><tr><th>Bore tolerance</th><td>H7 at every joint flange</td></tr></table>",MABEL Robotics,,hardware,"mabel,arm,openarm,machined",TRUE,Title,Default Title,MR-HW-OARM,shopify,continue,manual,549.00,TRUE,TRUE,https://robotmabel.github.io/store/assets/img/products/openarm-structure.svg,OpenArm Structural Set,active
mabel-base-lower,"MABEL Base Plate, Lower","<p>A structural part from MABEL's own build, cut from the same files the robot ships with. Ordered as one part or in the quantity a full robot needs.</p><ul><li>Laser cut, no secondary operations</li><li>Cut from the released MABEL DXF</li><li>Volume pricing from 1 to 1 000 off</li><li>Hardware pressed in before it ships</li></ul><h3>Manufacture</h3><table><tr><th>Process</th><td>Laser cut sheet metal</td></tr><tr><th>Operations</th><td>Laser cut, no secondary operations</td></tr><tr><th>Quantity per robot</th><td>1</td></tr></table><h3>Material</h3><table><tr><th>Stock</th><td>Aluminium or mild steel, per drawing</td></tr><tr><th>Finish</th><td>Mill, anodised or powder coat</td></tr><tr><th>Tolerance</th><td>±0.2 mm cut, ±0.5° bend</td></tr></table>",MABEL Robotics,,hardware,"mabel,machined,structure",TRUE,Title,Default Title,MR-HW-BASELOWER,shopify,continue,manual,74.00,TRUE,TRUE,https://robotmabel.github.io/store/assets/img/products/mabel-base-lower.svg,"MABEL Base Plate, Lower",active
mabel-base-upper,"MABEL Base Plate, Upper","<p>A structural part from MABEL's own build, cut from the same files the robot ships with. Ordered as one part or in the quantity a full robot needs.</p><ul><li>4 bends · dimple forming · hardware insertion · tapping</li><li>Cut from the released MABEL DXF</li><li>Volume pricing from 1 to 1 000 off</li><li>Hardware pressed in before it ships</li></ul><h3>Manufacture</h3><table><tr><th>Process</th><td>Laser cut sheet metal</td></tr><tr><th>Operations</th><td>4 bends · dimple forming · hardware insertion · tapping</td></tr><tr><th>Quantity per robot</th><td>1</td></tr></table><h3>Material</h3><table><tr><th>Stock</th><td>Aluminium or mild steel, per drawing</td></tr><tr><th>Finish</th><td>Mill, anodised or powder coat</td></tr><tr><th>Tolerance</th><td>±0.2 mm cut, ±0.5° bend</td></tr></table>",MABEL Robotics,,hardware,"mabel,machined,structure",TRUE,Title,Default Title,MR-HW-BASEUPPER,shopify,continue,manual,279.00,TRUE,TRUE,https://robotmabel.github.io/store/assets/img/products/mabel-base-upper.svg,"MABEL Base Plate, Upper",active
mabel-lift-adapter,MABEL Lift-to-Torso Adapter,"<p>A structural part from MABEL's own build, cut from the same files the robot ships with. Ordered as one part or in the quantity a full robot needs.</p><ul><li>2 bends · dimple forming · hardware insertion · tapping</li><li>Cut from the released MABEL DXF</li><li>Volume pricing from 1 to 1 000 off</li><li>Hardware pressed in before it ships</li></ul><h3>Manufacture</h3><table><tr><th>Process</th><td>Laser cut sheet metal</td></tr><tr><th>Operations</th><td>2 bends · dimple forming · hardware insertion · tapping</td></tr><tr><th>Quantity per robot</th><td>1</td></tr></table><h3>Material</h3><table><tr><th>Stock</th><td>Aluminium or mild steel, per drawing</td></tr><tr><th>Finish</th><td>Mill, anodised or powder coat</td></tr><tr><th>Tolerance</th><td>±0.2 mm cut, ±0.5° bend</td></tr></table>",MABEL Robotics,,hardware,"mabel,machined,structure",TRUE,Title,Default Title,MR-HW-LIFTADAPTER,shopify,continue,manual,84.00,TRUE,TRUE,https://robotmabel.github.io/store/assets/img/products/mabel-lift-adapter.svg,MABEL Lift-to-Torso Adapter,active
mabel-torso-plate,MABEL Torso Output Plate,"<p>A structural part from MABEL's own build, cut from the same files the robot ships with. Ordered as one part or in the quantity a full robot needs.</p><ul><li>1 bend · hardware insertion · tapping</li><li>Cut from the released MABEL DXF</li><li>Volume pricing from 1 to 1 000 off</li><li>Hardware pressed in before it ships</li></ul><h3>Manufacture</h3><table><tr><th>Process</th><td>Laser cut sheet metal</td></tr><tr><th>Operations</th><td>1 bend · hardware insertion · tapping</td></tr><tr><th>Quantity per robot</th><td>1</td></tr></table><h3>Material</h3><table><tr><th>Stock</th><td>Aluminium or mild steel, per drawing</td></tr><tr><th>Finish</th><td>Mill, anodised or powder coat</td></tr><tr><th>Tolerance</th><td>±0.2 mm cut, ±0.5° bend</td></tr></table>",MABEL Robotics,,hardware,"mabel,machined,structure",TRUE,Title,Default Title,MR-HW-TORSOPLATE,shopify,continue,manual,79.00,TRUE,TRUE,https://robotmabel.github.io/store/assets/img/products/mabel-torso-plate.svg,MABEL Torso Output Plate,active
mabel-body-bottom,MABEL Body Bottom Plate,"<p>A structural part from MABEL's own build, cut from the same files the robot ships with. Ordered as one part or in the quantity a full robot needs.</p><ul><li>2 bends · hardware insertion · tapping</li><li>Cut from the released MABEL DXF</li><li>Volume pricing from 1 to 1 000 off</li><li>Hardware pressed in before it ships</li></ul><h3>Manufacture</h3><table><tr><th>Process</th><td>Laser cut sheet metal</td></tr><tr><th>Operations</th><td>2 bends · hardware insertion · tapping</td></tr><tr><th>Quantity per robot</th><td>1</td></tr></table><h3>Material</h3><table><tr><th>Stock</th><td>Aluminium or mild steel, per drawing</td></tr><tr><th>Finish</th><td>Mill, anodised or powder coat</td></tr><tr><th>Tolerance</th><td>±0.2 mm cut, ±0.5° bend</td></tr></table>",MABEL Robotics,,hardware,"mabel,machined,structure",TRUE,Title,Default Title,MR-HW-BODYBOTTOM,shopify,continue,manual,49.00,TRUE,TRUE,https://robotmabel.github.io/store/assets/img/products/mabel-body-bottom.svg,MABEL Body Bottom Plate,active
mabel-arm-plate,MABEL Arm Mounting Plate,"<p>A structural part from MABEL's own build, cut from the same files the robot ships with. Ordered as one part or in the quantity a full robot needs.</p><ul><li>Hardware insertion · tapping</li><li>Cut from the released MABEL DXF</li><li>Volume pricing from 1 to 1 000 off</li><li>Hardware pressed in before it ships</li></ul><h3>Manufacture</h3><table><tr><th>Process</th><td>Laser cut sheet metal</td></tr><tr><th>Operations</th><td>Hardware insertion · tapping</td></tr><tr><th>Quantity per robot</th><td>2 (one per arm)</td></tr></table><h3>Material</h3><table><tr><th>Stock</th><td>Aluminium or mild steel, per drawing</td></tr><tr><th>Finish</th><td>Mill, anodised or powder coat</td></tr><tr><th>Tolerance</th><td>±0.2 mm cut, ±0.5° bend</td></tr></table>",MABEL Robotics,,hardware,"mabel,machined,structure",TRUE,Title,Default Title,MR-HW-ARMPLATE,shopify,continue,manual,18.99,TRUE,TRUE,https://robotmabel.github.io/store/assets/img/products/mabel-arm-plate.svg,MABEL Arm Mounting Plate,active
mabel-neck-plate,MABEL Neck Mounting Plate,"<p>A structural part from MABEL's own build, cut from the same files the robot ships with. Ordered as one part or in the quantity a full robot needs.</p><ul><li>2 bends</li><li>Cut from the released MABEL DXF</li><li>Volume pricing from 1 to 1 000 off</li><li>Hardware pressed in before it ships</li></ul><h3>Manufacture</h3><table><tr><th>Process</th><td>Laser cut sheet metal</td></tr><tr><th>Operations</th><td>2 bends</td></tr><tr><th>Quantity per robot</th><td>1</td></tr></table><h3>Material</h3><table><tr><th>Stock</th><td>Aluminium or mild steel, per drawing</td></tr><tr><th>Finish</th><td>Mill, anodised or powder coat</td></tr><tr><th>Tolerance</th><td>±0.2 mm cut, ±0.5° bend</td></tr></table>",MABEL Robotics,,hardware,"mabel,machined,structure",TRUE,Title,Default Title,MR-HW-NECKPLATE,shopify,continue,manual,44.00,TRUE,TRUE,https://robotmabel.github.io/store/assets/img/products/mabel-neck-plate.svg,MABEL Neck Mounting Plate,active
orca-hand-kit,ORCA Hand Structural Kit,"<p>Everything an ORCA hand needs that is not a servo: printed and machined finger frames, the Dyneema tendon, routing pulleys, tensioners, bearings and fingertip pads. One kit builds one 17-DOF hand.</p><ul><li>17 DOF — 16 finger joints plus a wrist</li><li>Dyneema tendon, pre-cut and terminated</li><li>Routing pulleys on bearings, not bushings</li><li>Silicone fingertip pads, moulded</li></ul><h3>Contents</h3><table><tr><th>Coverage</th><td>One complete hand, less servos</td></tr><tr><th>Degrees of freedom</th><td>17 (16 finger + 1 wrist)</td></tr><tr><th>Tendon</th><td>Dyneema SK99, 0.8 mm, pre-terminated</td></tr><tr><th>Pulleys</th><td>Bearing-mounted, 24 off</td></tr></table><h3>Requires</h3><table><tr><th>Servos</th><td>16 × HL3915M + 1 × HL3930M, sold separately</td></tr><tr><th>Driver</th><td>ST/SC bus driver board and 5264 splitter</td></tr></table>",MABEL Robotics,,hardware,"mabel,orca,hand,tendon",TRUE,Title,Default Title,MR-HW-ORCA,shopify,continue,manual,319.00,TRUE,TRUE,https://robotmabel.github.io/store/assets/img/products/orca-hand-kit.svg,ORCA Hand Structural Kit,active
tendon-dyneema,Dyneema Tendon Line,"<p>The line that moves a tendon-driven finger. Dyneema SK99 barely creeps under load, which is what keeps a hand calibrated between sessions.</p><ul><li>SK99 — the lowest-creep grade available</li><li>0.8 mm, 90 kg breaking strain</li><li>Pre-stretched at the factory</li><li>25 m: enough to re-tendon a hand several times</li></ul><h3>Line</h3><table><tr><th>Material</th><td>Dyneema SK99, 12-strand</td></tr><tr><th>Diameter</th><td>0.8 mm</td></tr><tr><th>Breaking strain</th><td>90 kg</td></tr><tr><th>Length</th><td>25 m</td></tr></table><h3>Behaviour</h3><table><tr><th>Creep</th><td>Pre-stretched, minimal</td></tr><tr><th>Elongation at break</th><td>< 3.5%</td></tr></table>",MABEL Robotics,,hardware,"orca,hand,tendon",TRUE,Title,Default Title,MR-HW-TNDN,shopify,continue,manual,24.00,TRUE,TRUE,https://robotmabel.github.io/store/assets/img/products/tendon-dyneema.svg,Dyneema Tendon Line,active
silicone-kit,Platinum-Cure Silicone Kit,"<p>Two-part platinum-cure silicone for fingertip pads, grip skins and compliant covers. Mixes 1:1 by weight, cures without shrinking, and takes pigment.</p><ul><li>Shore A20 — grippy without being sticky</li><li>1:1 mix, no scale gymnastics</li><li>Platinum cure: no shrinkage, no inhibition on PLA</li><li>Includes mixing cups, stirrers and a degassing tip sheet</li></ul><h3>Material</h3><table><tr><th>Type</th><td>Platinum-cure (addition) silicone</td></tr><tr><th>Hardness</th><td>Shore A20</td></tr><tr><th>Mix ratio</th><td>1:1 by weight</td></tr><tr><th>Pot life</th><td>30 min at 23 °C</td></tr><tr><th>Cure time</th><td>6 h at 23 °C, 20 min at 65 °C</td></tr></table><h3>Contents</h3><table><tr><th>Quantity</th><td>2 × 500 g</td></tr><tr><th>Extras</th><td>Cups, stirrers, gloves</td></tr><tr><th>Tensile strength</th><td>3.5 MPa</td></tr></table>",MABEL Robotics,,hardware,"orca,hand,silicone,casting",TRUE,Title,Default Title,MR-HW-SIL,shopify,continue,manual,59.00,TRUE,TRUE,https://robotmabel.github.io/store/assets/img/products/silicone-kit.svg,Platinum-Cure Silicone Kit,active
filament-pla-white,"PLA Basic, Jade White","<p>MABEL's covers, sensor mounts and trim. Prints clean and takes an edge break without splintering.</p><ul><li>1.75 mm, 1 kg on a spool</li><li>Dimensional tolerance ±0.03 mm</li><li>RFID spool, recognised automatically on Bambu printers</li><li>Bulk pricing from four spools</li></ul><h3>Filament</h3><table><tr><th>Diameter</th><td>1.75 mm ±0.03</td></tr><tr><th>Net weight</th><td>1 kg</td></tr><tr><th>Nozzle temperature</th><td>190–230 °C</td></tr><tr><th>Bed temperature</th><td>35–45 °C</td></tr></table><h3>Notes</h3><table><tr><th>Nozzle</th><td>Any</td></tr><tr><th>Drying</th><td>Not required</td></tr></table>",Bambu Lab,,hardware,"mabel,3d-printing",TRUE,Title,Default Title,MR-HW-PLAWHITE,shopify,continue,manual,34.00,TRUE,TRUE,https://robotmabel.github.io/store/assets/img/products/filament-pla-white.svg,"PLA Basic, Jade White",active
filament-pla-black,"PLA Basic, Black","<p>The ORCA hand frames — the highest-wear printed parts on the robot.</p><ul><li>1.75 mm, 1 kg on a spool</li><li>Dimensional tolerance ±0.03 mm</li><li>RFID spool, recognised automatically on Bambu printers</li><li>Bulk pricing from four spools</li></ul><h3>Filament</h3><table><tr><th>Diameter</th><td>1.75 mm ±0.03</td></tr><tr><th>Net weight</th><td>1 kg</td></tr><tr><th>Nozzle temperature</th><td>190–230 °C</td></tr><tr><th>Bed temperature</th><td>35–45 °C</td></tr></table><h3>Notes</h3><table><tr><th>Nozzle</th><td>Any</td></tr><tr><th>Drying</th><td>Not required</td></tr></table>",Bambu Lab,,hardware,"mabel,3d-printing",TRUE,Title,Default Title,MR-HW-PLABLACK,shopify,continue,manual,34.00,TRUE,TRUE,https://robotmabel.github.io/store/assets/img/products/filament-pla-black.svg,"PLA Basic, Black",active
filament-petg-cf,"PETG-CF, Black","<p>Carbon-filled PETG for brackets that see load and heat. Stiffer than PLA and it does not creep at 40 °C.</p><ul><li>1.75 mm, 1 kg on a spool</li><li>Dimensional tolerance ±0.03 mm</li><li>Dried and vacuum sealed at the factory</li><li>Bulk pricing from four spools</li></ul><h3>Filament</h3><table><tr><th>Diameter</th><td>1.75 mm ±0.03</td></tr><tr><th>Net weight</th><td>1 kg</td></tr><tr><th>Nozzle temperature</th><td>240–270 °C</td></tr><tr><th>Bed temperature</th><td>70–90 °C</td></tr></table><h3>Notes</h3><table><tr><th>Nozzle</th><td>Hardened steel required</td></tr><tr><th>Drying</th><td>8 h at 65 °C if opened</td></tr></table>",MABEL Robotics,,hardware,"mabel,3d-printing",TRUE,Title,Default Title,MR-HW-PETGCF,shopify,continue,manual,49.00,TRUE,TRUE,https://robotmabel.github.io/store/assets/img/products/filament-petg-cf.svg,"PETG-CF, Black",active
cable-chain,Cable Drag Chain,<p>Keeps a moving harness from becoming a failed harness. Openable links so you can add a cable later without pulling the whole loom.</p><ul><li>Links open on one side — re-route without disassembly</li><li>10 × 20 mm inner section</li><li>2 m with both end brackets</li><li>Rated to five million cycles</li></ul><h3>Chain</h3><table><tr><th>Inner section</th><td>10 × 20 mm</td></tr><tr><th>Bend radius</th><td>28 mm</td></tr><tr><th>Length</th><td>2 m</td></tr><tr><th>Material</th><td>Reinforced nylon</td></tr></table><h3>Rating</h3><table><tr><th>Cycle life</th><td>5 million</td></tr><tr><th>Temperature</th><td>−20 to 100 °C</td></tr><tr><th>Ends</th><td>2 mounting brackets included</td></tr></table>,MABEL Robotics,,hardware,"harness,linear",TRUE,Title,Default Title,MR-HW-DRAG,shopify,continue,manual,24.00,TRUE,TRUE,https://robotmabel.github.io/store/assets/img/products/cable-chain.svg,Cable Drag Chain,active
damiao-usb2can,DAMIAO USB-to-CAN Adapter,"<p>The first thing you plug in. A USB-CAN bridge that enumerates as a serial port on macOS, Linux and Windows, so you can scan a bus, set a node ID and spin a joint before any of it is bolted to a robot.</p><ul><li>Enumerates as a CDC serial port — no kernel module on macOS</li><li>1 Mbit/s CAN, the rate every DAMIAO and CyberGear joint expects</li><li>Bus-powered, with a switchable 120 Ω termination</li><li>Works with the DAMIAO, CyberGear and CANopen tooling as shipped</li></ul><h3>Bus</h3><table><tr><th>Protocol</th><td>CAN 2.0A / 2.0B</td></tr><tr><th>Bit rate</th><td>Up to 1 Mbit/s</td></tr><tr><th>Termination</th><td>Switchable 120 Ω</td></tr><tr><th>Isolation</th><td>None (bench tool)</td></tr></table><h3>Host</h3><table><tr><th>Interface</th><td>USB 2.0, Type-C</td></tr><tr><th>Enumeration</th><td>USB CDC serial</td></tr><tr><th>Drivers</th><td>None required on macOS or Linux</td></tr><tr><th>Tooling</th><td>DAMIAO debug app, python-can via slcan</td></tr></table>",DAMIAO,,electronics,"mabel,can,bench,usb",TRUE,Title,Default Title,MR-EL-U2C,shopify,continue,manual,44.00,TRUE,TRUE,https://robotmabel.github.io/store/assets/img/products/damiao-usb2can.svg,DAMIAO USB-to-CAN Adapter,active
can-hub,CAN Bus Hub,"<p>Turns one CAN run into six short drops, so a six-joint arm is one cable to the controller instead of six daisy chains that fail one connector at a time.</p><ul><li>Six drops from one trunk</li><li>Switchable termination at the end of the bus</li><li>Screw terminals and JST-GH on every drop</li><li>Per-drop activity LED</li></ul><h3>Bus</h3><table><tr><th>Drops</th><td>6</td></tr><tr><th>Bit rate</th><td>Up to 1 Mbit/s</td></tr><tr><th>Termination</th><td>Switchable 120 Ω</td></tr><tr><th>Connectors</th><td>Screw terminal + JST-GH</td></tr></table><h3>Physical</h3><table><tr><th>Supply</th><td>Pass-through 24 V</td></tr><tr><th>Indicators</th><td>Per-drop TX/RX LED</td></tr></table>",DAMIAO,,electronics,"can,harness",TRUE,Title,Default Title,MR-EL-CANHUB,shopify,continue,manual,18.99,TRUE,TRUE,https://robotmabel.github.io/store/assets/img/products/can-hub.svg,CAN Bus Hub,active
servo-ttl-driver,ST/SC Bus Servo Driver Board,"<p>Puts a whole TTL servo chain on one USB port. One board per ORCA hand drives all seventeen servos at 1 Mbit, and the same board is how you set servo IDs in the first place.</p><ul><li>1 Mbit half-duplex TTL, up to 253 servos on a chain</li><li>USB-UART bridge — appears as a serial port</li><li>The tool for assigning servo IDs during a hand build</li><li>One per ORCA hand</li></ul><h3>Bus</h3><table><tr><th>Protocol</th><td>Feetech ST/SC half-duplex TTL</td></tr><tr><th>Bit rate</th><td>Up to 1 Mbit/s</td></tr><tr><th>Devices</th><td>Up to 253 per chain</td></tr></table><h3>Host</h3><table><tr><th>Interface</th><td>USB, CDC serial</td></tr><tr><th>Servo power</th><td>Separate input, up to 12 V</td></tr><tr><th>Compatibility</th><td>STS, SCS and HL series</td></tr></table>",Feetech,,electronics,"mabel,orca,hand,ttl",TRUE,Title,Default Title,MR-EL-TTL,shopify,continue,manual,4.99,TRUE,TRUE,https://robotmabel.github.io/store/assets/img/products/servo-ttl-driver.svg,ST/SC Bus Servo Driver Board,active
servo-splitter,Bus Servo Power Splitter,"<p>Eight 5264 terminals off one supply, so sixteen finger servos draw from a proper distribution point instead of a chain of pass-through connectors.</p><ul><li>Eight 5264 drops from one input</li><li>Signal passes through, power is star-fed</li><li>Removes the voltage droop at the end of a long servo chain</li><li>One per hand</li></ul><h3>Distribution</h3><table><tr><th>Drops</th><td>8 × 5264</td></tr><tr><th>Input</th><td>5264, up to 12 V</td></tr><tr><th>Current</th><td>10 A total</td></tr><tr><th>Topology</th><td>Star power, bussed signal</td></tr></table><h3>Physical</h3><table><tr><th>Mounting</th><td>4 × M2</td></tr><tr><th>Size</th><td>48 × 32 mm</td></tr></table>",Feetech,,electronics,"mabel,orca,hand,power",TRUE,Title,Default Title,MR-EL-5264,shopify,continue,manual,3.99,TRUE,TRUE,https://robotmabel.github.io/store/assets/img/products/servo-splitter.svg,Bus Servo Power Splitter,active
buck-24-12,"Buck Converter, 24 V → 12 V","<p>Feeds the 12 V rail every bus servo and camera hub wants from the robot's 24 V pack.</p><ul><li>Synchronous rectification — runs cool at load</li><li>Screw terminals, not barrel jacks</li><li>Adjustable output, factory set</li><li>Fits the MABEL power tray</li></ul><h3>Electrical</h3><table><tr><th>Input</th><td>18–36 V DC</td></tr><tr><th>Output</th><td>12 V, 10 A</td></tr><tr><th>Efficiency</th><td>96% typical</td></tr><tr><th>Protection</th><td>Over-current, over-temperature, reverse polarity</td></tr></table><h3>Physical</h3><table><tr><th>Terminals</th><td>Screw, 12 AWG</td></tr><tr><th>Cooling</th><td>Anodised heatsink body</td></tr></table>",MABEL Robotics,,electronics,"mabel,power",TRUE,Title,Default Title,MR-EL-BUCK2412,shopify,continue,manual,29.00,TRUE,TRUE,https://robotmabel.github.io/store/assets/img/products/buck-24-12.svg,"Buck Converter, 24 V → 12 V",active
buck-24-5,"Buck Converter, 24 V → 5 V","<p>The logic rail. Enough headroom to run a Pi, a hub and the sensor boards without sag.</p><ul><li>Synchronous rectification — runs cool at load</li><li>Screw terminals, not barrel jacks</li><li>Adjustable output, factory set</li><li>Fits the MABEL power tray</li></ul><h3>Electrical</h3><table><tr><th>Input</th><td>18–36 V DC</td></tr><tr><th>Output</th><td>5 V, 8 A</td></tr><tr><th>Efficiency</th><td>94% typical</td></tr><tr><th>Protection</th><td>Over-current, over-temperature</td></tr></table><h3>Physical</h3><table><tr><th>Terminals</th><td>Screw, 12 AWG</td></tr><tr><th>Cooling</th><td>Anodised heatsink body</td></tr></table>",MABEL Robotics,,electronics,"mabel,power",TRUE,Title,Default Title,MR-EL-BUCK245,shopify,continue,manual,19.00,TRUE,TRUE,https://robotmabel.github.io/store/assets/img/products/buck-24-5.svg,"Buck Converter, 24 V → 5 V",active
power-distribution,Power Distribution Board,"<p>One board between the battery and everything else. Eight individually fused outputs, current sense on each, and an e-stop input that cuts actuator power without cutting the computer — so the robot stops but the log keeps writing.</p><ul><li>Eight fused outputs, blade fuses, per-rail LED</li><li>Actuator rails drop on e-stop; the compute rail does not</li><li>Current sense on every rail, readable over I²C</li><li>Bolt-down XT60 input, ring terminals on the load side</li></ul><h3>Distribution</h3><table><tr><th>Input</th><td>24 V DC, XT60, 60 A</td></tr><tr><th>Outputs</th><td>8, individually fused</td></tr><tr><th>Fuses</th><td>Blade, 5–30 A</td></tr><tr><th>Sense</th><td>INA219 per rail, I²C</td></tr></table><h3>Safety</h3><table><tr><th>E-stop</th><td>Hardware latch, actuator rails only</td></tr><tr><th>Compute rail</th><td>Always on, separately fused</td></tr><tr><th>Indicators</th><td>Per-rail LED, blown-fuse detect</td></tr></table>",MABEL Robotics,,electronics,"mabel,power,safety",TRUE,Title,Default Title,MR-EL-PDB,shopify,continue,manual,59.00,TRUE,TRUE,https://robotmabel.github.io/store/assets/img/products/power-distribution.svg,Power Distribution Board,active
estop-kit,Hardware E-Stop Kit,"<p>An e-stop that works when the software does not. A latching mushroom head drives a contactor that de-energises the actuator bus in hardware — no firmware, no CAN, no host involved.</p><ul><li>De-energises actuators independently of the host</li><li>Latching mushroom head, twist to release</li><li>Normally-closed contacts: a broken wire stops the robot</li><li>Pre-made harness, no crimping</li></ul><h3>Switch</h3><table><tr><th>Type</th><td>Latching mushroom, twist release</td></tr><tr><th>Contacts</th><td>2 × NC</td></tr><tr><th>Rating</th><td>10 A at 250 V AC / 24 V DC</td></tr></table><h3>Contactor</h3><table><tr><th>Coil</th><td>24 V DC</td></tr><tr><th>Switching</th><td>60 A DC</td></tr><tr><th>Fail-safe</th><td>Normally open — loss of coil power stops the robot</td></tr></table>",MABEL Robotics,,electronics,"safety,power",TRUE,Title,Default Title,MR-EL-ESTOP,shopify,continue,manual,79.00,TRUE,TRUE,https://robotmabel.github.io/store/assets/img/products/estop-kit.svg,Hardware E-Stop Kit,active
fuse-box,Blade Fuse Distribution Box,"<p>Twelve fused circuits with an LED on each holder that lights when the fuse is gone. The five-dollar part that saves an hour of continuity testing.</p><ul><li>12 circuits, standard ATO/ATC blade fuses</li><li>LED per holder lights on a blown fuse</li><li>Bus bar input, ring terminal outputs</li><li>Transparent cover, gasket sealed</li></ul><h3>Distribution</h3><table><tr><th>Circuits</th><td>12</td></tr><tr><th>Fuse type</th><td>ATO/ATC blade</td></tr><tr><th>Max per circuit</th><td>30 A</td></tr><tr><th>Total</th><td>100 A</td></tr></table><h3>Physical</h3><table><tr><th>Cover</th><td>Transparent, gasketed</td></tr><tr><th>Input</th><td>M6 stud</td></tr></table>",MABEL Robotics,,electronics,"mabel,power",TRUE,Title,Default Title,MR-EL-FUSE,shopify,continue,manual,24.00,TRUE,TRUE,https://robotmabel.github.io/store/assets/img/products/fuse-box.svg,Blade Fuse Distribution Box,active
connector-xt,XT60 / XT30 Connector Kit,"<p>The power connectors that do not melt. Gold-plated bullets in a nylon shell, in both sizes a robot uses.</p><ul><li>10 pairs XT60, 10 pairs XT30</li><li>Gold-plated contacts</li><li>Pre-cut heatshrink included</li><li>Keyed shells — cannot be plugged in reversed</li></ul><h3>Contents</h3><table><tr><th>Housings</th><td>120</td></tr><tr><th>Contacts</th><td>600</td></tr><tr><th>Tool</th><td>Heatshrink set</td></tr></table><h3>Rating</h3><table><tr><th>Current</th><td>60 A (XT60) / 30 A (XT30)</td></tr><tr><th>Plating</th><td>Gold</td></tr></table>",MABEL Robotics,,electronics,"harness,connectors",TRUE,Title,Default Title,MR-EL-XT,shopify,continue,manual,29.00,TRUE,TRUE,https://robotmabel.github.io/store/assets/img/products/connector-xt.svg,XT60 / XT30 Connector Kit,active
connector-jst,JST-GH / JST-XH Connector Kit,"<p>Signal connectors and the tool that makes them. JST-GH for anything that moves, XH for anything that does not.</p><ul><li>JST-GH 1.25 mm, 2–6 pin</li><li>JST-XH 2.54 mm, 2–6 pin</li><li>Ratcheting crimper included</li><li>600 contacts, 120 housings</li></ul><h3>Contents</h3><table><tr><th>Housings</th><td>120</td></tr><tr><th>Contacts</th><td>600</td></tr><tr><th>Tool</th><td>Ratcheting crimper</td></tr></table><h3>Rating</h3><table><tr><th>Current</th><td>3 A per contact</td></tr><tr><th>Plating</th><td>Gold</td></tr></table>",MABEL Robotics,,electronics,"harness,connectors",TRUE,Title,Default Title,MR-EL-JST,shopify,continue,manual,49.00,TRUE,TRUE,https://robotmabel.github.io/store/assets/img/products/connector-jst.svg,JST-GH / JST-XH Connector Kit,active
harness-arm,Arm Harness Set,"<p>The wiring for a dual-arm build, made up and tested: the loom itself, a CAN hub, an e-stop, a power adapter board and the supply. It is an evening of crimping you do not have to do, and one fewer intermittent fault to chase.</p><ul><li>Complete loom for both arms, labelled at both ends</li><li>CAN hub and power adapter board included</li><li>E-stop in line</li><li>Continuity and hi-pot tested before it ships</li></ul><h3>Contents</h3><table><tr><th>Loom</th><td>Both arms, 7 DOF each</td></tr><tr><th>Hub</th><td>CAN, 6 drops</td></tr><tr><th>Safety</th><td>In-line e-stop</td></tr><tr><th>Supply</th><td>24 V PSU included</td></tr></table><h3>Build</h3><table><tr><th>Labelling</th><td>Both ends of every conductor</td></tr><tr><th>Sleeving</th><td>Braided, heat-shrunk terminations</td></tr><tr><th>Test</th><td>Continuity and insulation tested</td></tr></table>",MABEL Robotics,,electronics,"mabel,arm,harness,power",TRUE,Title,Default Title,MR-EL-HRNA,shopify,continue,manual,179.00,TRUE,TRUE,https://robotmabel.github.io/store/assets/img/products/harness-arm.svg,Arm Harness Set,active
usb-hub,Powered USB 3 Hub,"<p>Cameras are demanding USB citizens. An externally powered hub keeps four global-shutter streams alive without browning out when they all start at once.</p><ul><li>Seven USB 3 ports, externally powered</li><li>Per-port power switching</li><li>Metal case, DIN or flat mount</li><li>Feeds MABEL's whole camera tree</li></ul><h3>Ports</h3><table><tr><th>Downstream</th><td>7 × USB 3.0, 5 Gbit/s</td></tr><tr><th>Upstream</th><td>USB-B 3.0</td></tr><tr><th>Per-port current</th><td>0.9 A</td></tr></table><h3>Power</h3><table><tr><th>Supply</th><td>External 12 V, 4 A</td></tr><tr><th>Switching</th><td>Per port</td></tr><tr><th>Case</th><td>Aluminium</td></tr></table>",MABEL Robotics,,electronics,"mabel,cameras,usb",TRUE,Title,Default Title,MR-EL-HUB,shopify,continue,manual,109.00,TRUE,TRUE,https://robotmabel.github.io/store/assets/img/products/usb-hub.svg,Powered USB 3 Hub,active
net-switch,2.5 GbE Managed Switch,"<p>The onboard network spine. Four 2.5 GbE copper ports for the compute and sensors, two 10 G SFP+ cages for the link off the robot.</p><ul><li>4 × 2.5G BASE-T, 2 × 10G SFP+</li><li>Managed: VLANs, port mirroring, LACP</li><li>Fanless</li><li>12 V input — runs straight off the robot's rail</li></ul><h3>Ports</h3><table><tr><th>Copper</th><td>4 × 2.5G BASE-T</td></tr><tr><th>Fibre/DAC</th><td>2 × 10G SFP+</td></tr><tr><th>Switching capacity</th><td>60 Gbit/s</td></tr></table><h3>Management</h3><table><tr><th>Features</th><td>VLAN, port mirroring, LACP, QoS</td></tr><tr><th>Cooling</th><td>Fanless</td></tr><tr><th>Supply</th><td>12 V DC</td></tr></table>",MABEL Robotics,,electronics,"mabel,network",TRUE,Title,Default Title,MR-EL-SW25,shopify,continue,manual,69.00,TRUE,TRUE,https://robotmabel.github.io/store/assets/img/products/net-switch.svg,2.5 GbE Managed Switch,active
battery-pack,24 V Li-ion Battery Pack,"<p>The pack that lets the robot leave the bench. Integrated BMS with cell balancing, over-current and over-discharge cut-out, and a fuel gauge you can read over the wire.</p><ul><li>24 V nominal, 20 Ah — around 90 minutes of mixed driving and manipulation</li><li>BMS with balancing and over-discharge protection</li><li>XT60 output, standard barrel charge input</li><li>Two fit MABEL's base tray</li></ul><h3>Cells</h3><table><tr><th>Chemistry</th><td>Li-ion 18650</td></tr><tr><th>Configuration</th><td>7S</td></tr><tr><th>Nominal voltage</th><td>25.9 V</td></tr><tr><th>Capacity</th><td>20 Ah / 518 Wh</td></tr></table><h3>Protection</h3><table><tr><th>BMS</th><td>Balancing, OCP, OVP, UVP, short circuit</td></tr><tr><th>Continuous discharge</th><td>30 A</td></tr><tr><th>Charge</th><td>29.4 V, 5 A max</td></tr><tr><th>Output</th><td>XT60</td></tr></table>",MABEL Robotics,,electronics,"mabel,power",TRUE,Title,Default Title,MR-EL-BATT,shopify,continue,manual,64.00,TRUE,TRUE,https://robotmabel.github.io/store/assets/img/products/battery-pack.svg,24 V Li-ion Battery Pack,active
pico,Raspberry Pi Pico,"<p>The small brain for a single loop. MABEL runs the lift leadscrew from one.</p><ul><li>Dual Cortex-M0+ at 133 MHz</li><li>Programmable I/O — bit-bang any protocol</li><li>MicroPython or C SDK</li><li>Runs MABEL's lift control loop</li></ul><h3>Specification</h3><table><tr><th>MCU</th><td>RP2040, dual Cortex-M0+ at 133 MHz</td></tr><tr><th>Memory</th><td>264 kB SRAM, 2 MB flash</td></tr><tr><th>I/O</th><td>26 GPIO, 3 × ADC, 2 × PIO blocks</td></tr><tr><th>Interface</th><td>Micro-USB</td></tr></table>",MABEL Robotics,,electronics,"mabel,compute,control",TRUE,Title,Default Title,MR-EL-PICO,shopify,continue,manual,24.00,TRUE,TRUE,https://robotmabel.github.io/store/assets/img/products/pico.svg,Raspberry Pi Pico,active
teensy41,Teensy 4.1,"<p>When the loop has to close at 500 Hz across three CAN buses, this is the board that does it. MABEL uses two — one for the base, one for the arms, torso and neck.</p><ul><li>Cortex-M7 at 600 MHz</li><li>Three CAN buses, two of them CAN FD</li><li>Ethernet with the add-on kit</li><li>Two run MABEL's low-level control</li></ul><h3>Specification</h3><table><tr><th>MCU</th><td>i.MX RT1062, Cortex-M7 at 600 MHz</td></tr><tr><th>Memory</th><td>1 MB RAM, 8 MB flash</td></tr><tr><th>Buses</th><td>3 × CAN (2 × CAN FD), 8 × serial, 3 × SPI, 3 × I²C</td></tr><tr><th>Timing</th><td>Hardware-timed loops to 500 Hz+</td></tr></table>",MABEL Robotics,,electronics,"mabel,compute,control",TRUE,Title,Default Title,MR-EL-TEENSY41,shopify,continue,manual,44.00,TRUE,TRUE,https://robotmabel.github.io/store/assets/img/products/teensy41.svg,Teensy 4.1,active
bts7960,BTS7960 Motor Driver,"<p>A big, dumb, reliable H-bridge. Drives the lift column's brushed motor from a Pico.</p><ul><li>43 A continuous, brushed DC</li><li>Isolated logic side</li><li>Current sense output</li><li>Drives MABEL's lift column</li></ul><h3>Specification</h3><table><tr><th>Topology</th><td>Dual half-bridge (BTS7960B)</td></tr><tr><th>Current</th><td>43 A continuous</td></tr><tr><th>Supply</th><td>5.5–27 V</td></tr><tr><th>Control</th><td>PWM, up to 25 kHz</td></tr></table>",MABEL Robotics,,electronics,"mabel,compute,control",TRUE,Title,Default Title,MR-EL-BTS7960,shopify,continue,manual,13.99,TRUE,TRUE,https://robotmabel.github.io/store/assets/img/products/bts7960.svg,BTS7960 Motor Driver,active
cable-usb-c-a,"USB-C to USB-A Cable, 4-pack","<p>Four cameras, four cables. USB 3 rated, short enough not to coil, with a right-angle end so a wrist camera does not fight its own cable.</p><ul><li>USB 3.0, 5 Gbit/s — enough for a global-shutter stream</li><li>1 m: no coil to manage</li><li>Right-angle end available</li><li>Head cam, two wrist cams and the base cam</li></ul><h3>Cable</h3><table><tr><th>Standard</th><td>USB 3.0, 5 Gbit/s</td></tr><tr><th>Length</th><td>1 m</td></tr><tr><th>Connectors</th><td>USB-C to USB-A</td></tr><tr><th>Shielding</th><td>Braided + foil</td></tr></table>",MABEL Robotics,,electronics,"mabel,cameras,usb",TRUE,Title,Default Title,MR-EL-USBCA,shopify,continue,manual,9.99,TRUE,TRUE,https://robotmabel.github.io/store/assets/img/products/cable-usb-c-a.svg,"USB-C to USB-A Cable, 4-pack",active
sleeving,Braided Cable Sleeving Set,"<p>Self-closing braid in the two sizes a robot loom needs. Wraps an existing bundle without unplugging anything.</p><ul><li>Self-closing — wrap a finished loom</li><li>6 mm and 12 mm, 5 m of each</li><li>Cut with a hot knife, no fraying</li><li>Abrasion resistant at joint pass-throughs</li></ul><h3>Sleeving</h3><table><tr><th>Sizes</th><td>6 mm and 12 mm</td></tr><tr><th>Length</th><td>5 m of each</td></tr><tr><th>Type</th><td>Self-closing PET braid</td></tr><tr><th>Temperature</th><td>−50 to 150 °C</td></tr></table>",MABEL Robotics,,electronics,"mabel,harness",TRUE,Title,Default Title,MR-EL-SLV,shopify,continue,manual,11.99,TRUE,TRUE,https://robotmabel.github.io/store/assets/img/products/sleeving.svg,Braided Cable Sleeving Set,active
led-eyes,LED Matrix Eye Panels,"<p>What makes a robot read as alive rather than switched on. A matched pair of LED matrices with a diffuser, driven over one SPI link, with the blink and saccade animations already written.</p><ul><li>Matched pair, 32 × 16 each</li><li>Cast acrylic diffuser — pixels become an eye</li><li>One SPI link drives both</li><li>Open animation set: blink, saccade, squint, sleep</li></ul><h3>Display</h3><table><tr><th>Resolution</th><td>32 × 16 per eye</td></tr><tr><th>Colour</th><td>Single colour, 8-bit dim</td></tr><tr><th>Refresh</th><td>200 Hz</td></tr><tr><th>Diffuser</th><td>Cast acrylic, 2 mm</td></tr></table><h3>Interface</h3><table><tr><th>Bus</th><td>SPI, both panels on one chain</td></tr><tr><th>Supply</th><td>5 V, 1.2 A peak</td></tr><tr><th>Library</th><td>Open source, Python and C</td></tr></table>",MABEL Robotics,,electronics,"mabel,hri,head",TRUE,Title,Default Title,MR-EL-EYES,shopify,continue,manual,54.00,TRUE,TRUE,https://robotmabel.github.io/store/assets/img/products/led-eyes.svg,LED Matrix Eye Panels,active
realsense-d405,Intel RealSense D405,"<p>A depth camera focused where manipulation actually happens: 7 to 50 cm from the gripper. Global shutter on both imagers, so a moving wrist does not smear the geometry it is about to grasp.</p><ul><li>Metric depth from 7 cm — most depth cameras start past the grasp</li><li>Global shutter stereo pair at 1280 × 720, 90 fps</li><li>No projector needed at close range</li><li>Two of these are MABEL's maximum-tier wrist option</li></ul><h3>Imaging</h3><table><tr><th>Depth resolution</th><td>1280 × 720</td></tr><tr><th>Depth frame rate</th><td>Up to 90 fps</td></tr><tr><th>Shutter</th><td>Global</td></tr><tr><th>Range</th><td>7–50 cm</td></tr><tr><th>Depth accuracy</th><td>< 2% at 50 cm</td></tr></table><h3>Optics</h3><table><tr><th>Field of view</th><td>87° × 58°</td></tr><tr><th>RGB</th><td>From the same stereo pair</td></tr><tr><th>Baseline</th><td>18 mm</td></tr></table><h3>Interface</h3><table><tr><th>Connection</th><td>USB 3.1 Gen 1, Type-C</td></tr><tr><th>SDK</th><td>librealsense2, ROS 2 wrapper</td></tr><tr><th>Mass</th><td>62 g</td></tr></table>",Intel,,sensors,"mabel,wrist,depth,global-shutter",TRUE,Title,Default Title,MR-SEN-D405,shopify,continue,manual,349.00,TRUE,TRUE,https://robotmabel.github.io/store/assets/img/products/realsense-d405.svg,Intel RealSense D405,active
realsense-d435i,Intel RealSense D435i,"<p>The general-purpose depth camera. Wide field of view, an IMU on the same clock as the imagers, and the range to see a room rather than a workspace.</p><ul><li>Depth to 10 m, 87° × 58° field of view</li><li>Onboard IMU, hardware-synchronised to the frames</li><li>IR projector for texture-poor surfaces</li><li>MABEL's optional base camera for overhangs and table edges</li></ul><h3>Imaging</h3><table><tr><th>Depth resolution</th><td>1280 × 720</td></tr><tr><th>Depth frame rate</th><td>Up to 90 fps</td></tr><tr><th>Shutter</th><td>Global (depth), rolling (RGB)</td></tr><tr><th>Range</th><td>0.3–10 m</td></tr></table><h3>Optics</h3><table><tr><th>Depth FOV</th><td>87° × 58°</td></tr><tr><th>RGB</th><td>1920 × 1080 at 30 fps</td></tr><tr><th>Projector</th><td>IR pattern</td></tr></table><h3>Interface</h3><table><tr><th>IMU</th><td>6-axis, frame-synchronised</td></tr><tr><th>Connection</th><td>USB 3.1 Gen 1, Type-C</td></tr><tr><th>SDK</th><td>librealsense2</td></tr></table>",Intel,,sensors,"head,base,depth,imu",TRUE,Title,Default Title,MR-SEN-D435I,shopify,continue,manual,389.00,TRUE,TRUE,https://robotmabel.github.io/store/assets/img/products/realsense-d435i.svg,Intel RealSense D435i,active
realsense-d455,Intel RealSense D455,"<p>Twice the baseline of a D435i, so depth error at range falls by roughly a factor of four. The one to fit when the robot has to plan across a room.</p><ul><li>95 mm baseline — accurate depth out to 6 m</li><li>RGB and depth share a field of view, so they align without a warp</li><li>Onboard IMU</li><li>Depth error under 2% at 4 m</li></ul><h3>Imaging</h3><table><tr><th>Depth resolution</th><td>1280 × 720</td></tr><tr><th>Frame rate</th><td>Up to 90 fps</td></tr><tr><th>Range</th><td>0.6–6 m</td></tr><tr><th>Depth error</th><td>< 2% at 4 m</td></tr></table><h3>Optics</h3><table><tr><th>Baseline</th><td>95 mm</td></tr><tr><th>FOV</th><td>87° × 58°, matched RGB and depth</td></tr><tr><th>RGB</th><td>1280 × 800 global shutter</td></tr></table><h3>Interface</h3><table><tr><th>IMU</th><td>6-axis</td></tr><tr><th>Connection</th><td>USB 3.1 Gen 1, Type-C</td></tr></table>",Intel,,sensors,"navigation,depth,imu",TRUE,Title,Default Title,MR-SEN-D455,shopify,continue,manual,509.00,TRUE,TRUE,https://robotmabel.github.io/store/assets/img/products/realsense-d455.svg,Intel RealSense D455,active
wrist-cam-720,"Wrist Camera, 720p Global Shutter","<p>Eye-in-hand vision on a budget. A global-shutter AR0144 behind a 170° fisheye sees the whole grasp region from a wrist mount, and does not smear when the arm moves.</p><ul><li>Global shutter — the reason a moving wrist camera is usable at all</li><li>170° fisheye keeps the object in frame through the approach</li><li>UVC class: no driver, no SDK, opens as a webcam</li><li>MABEL's essential-tier wrist camera</li></ul><h3>Imaging</h3><table><tr><th>Sensor</th><td>onsemi AR0144, 1/4 in</td></tr><tr><th>Resolution</th><td>1280 × 720</td></tr><tr><th>Frame rate</th><td>60 fps</td></tr><tr><th>Shutter</th><td>Global</td></tr><tr><th>Field of view</th><td>170° diagonal</td></tr></table><h3>Interface</h3><table><tr><th>Connection</th><td>USB 2.0, UVC class</td></tr><tr><th>Driver</th><td>None — UVC</td></tr><tr><th>Mount</th><td>M12 lens, 2 × M2 board mounts</td></tr></table>",MABEL Robotics,,sensors,"mabel,wrist,global-shutter,imitation-learning",TRUE,Title,Default Title,MR-SEN-WR720,shopify,continue,manual,59.00,TRUE,TRUE,https://robotmabel.github.io/store/assets/img/products/wrist-cam-720.svg,"Wrist Camera, 720p Global Shutter",active
wrist-cam-1200,"Wrist Camera, 1200p Global Shutter","<p>The same board and sensor as the 720p camera, run at its full 1600 × 1200 and 90 fps. MABEL's build guide calls the step up to this camera the highest-value upgrade in the whole robot: wrist views carry the fine detail a manipulation policy learns from.</p><ul><li>1600 × 1200 at 90 fps, global shutter</li><li>The detail a policy actually trains on</li><li>Identical mounting and cabling to the 720p version</li><li>UVC class — no driver</li></ul><h3>Imaging</h3><table><tr><th>Sensor</th><td>onsemi AR0144, 1/4 in</td></tr><tr><th>Resolution</th><td>1600 × 1200</td></tr><tr><th>Frame rate</th><td>90 fps</td></tr><tr><th>Shutter</th><td>Global</td></tr><tr><th>Field of view</th><td>170° diagonal</td></tr></table><h3>Interface</h3><table><tr><th>Connection</th><td>USB 2.0, UVC class</td></tr><tr><th>Driver</th><td>None — UVC</td></tr><tr><th>Mount</th><td>M12 lens, 2 × M2 board mounts</td></tr></table>",MABEL Robotics,,sensors,"mabel,wrist,global-shutter,imitation-learning",TRUE,Title,Default Title,MR-SEN-WR1200,shopify,continue,manual,99.00,TRUE,TRUE,https://robotmabel.github.io/store/assets/img/products/wrist-cam-1200.svg,"Wrist Camera, 1200p Global Shutter",active
head-cam-stereo,"Stereo Head Camera, 1200p","<p>A hardware-synchronised global-shutter stereo pair that hands you raw frames and leaves the matching to you. On a robot where the policy wants images rather than point clouds, that is the right trade.</p><ul><li>3200 × 1200 combined, 60 fps, hardware-synchronised</li><li>112° horizontal field of view</li><li>Global shutter on both imagers</li><li>Matching runs on the host — costs memory, buys flexibility</li></ul><h3>Imaging</h3><table><tr><th>Resolution</th><td>3200 × 1200 combined</td></tr><tr><th>Frame rate</th><td>60 fps</td></tr><tr><th>Shutter</th><td>Global, both imagers</td></tr><tr><th>Synchronisation</th><td>Hardware</td></tr></table><h3>Optics</h3><table><tr><th>Field of view</th><td>112° horizontal</td></tr><tr><th>Baseline</th><td>60 mm</td></tr></table><h3>Interface</h3><table><tr><th>Connection</th><td>USB 3.0, UVC</td></tr><tr><th>Depth</th><td>Host-side matching</td></tr></table>",MABEL Robotics,,sensors,"mabel,head,stereo,global-shutter",TRUE,Title,Default Title,MR-SEN-HEAD,shopify,continue,manual,119.00,TRUE,TRUE,https://robotmabel.github.io/store/assets/img/products/head-cam-stereo.svg,"Stereo Head Camera, 1200p",active
ego-camera-rig,Egocentric Capture Rig,"<p>Record demonstrations from the human's point of view, then train on them. A global-shutter wide-angle camera on an adjustable head mount, with a timestamped recorder that stays in sync with a gripper or glove.</p><ul><li>Human-perspective data collection — the UMI-style pipeline</li><li>Global shutter, 1600 × 1200 at 60 fps, 150° field of view</li><li>Hardware timestamps, so frames align with action logs</li><li>Adjustable head mount that survives a full session</li></ul><h3>Imaging</h3><table><tr><th>Resolution</th><td>1600 × 1200</td></tr><tr><th>Frame rate</th><td>60 fps</td></tr><tr><th>Shutter</th><td>Global</td></tr><tr><th>Field of view</th><td>150° diagonal</td></tr></table><h3>Capture</h3><table><tr><th>Timestamps</th><td>Hardware, µs resolution</td></tr><tr><th>Storage</th><td>Host-side, USB 3.0</td></tr><tr><th>Sync</th><td>Trigger in/out for gripper and glove logs</td></tr></table><h3>Mount</h3><table><tr><th>Type</th><td>Adjustable head harness</td></tr><tr><th>Mass</th><td>210 g with mount</td></tr></table>",MABEL Robotics,,sensors,"teleop,data-collection,imitation-learning,umi",TRUE,Title,Default Title,MR-SEN-EGO,shopify,continue,manual,209.00,TRUE,TRUE,https://robotmabel.github.io/store/assets/img/products/ego-camera-rig.svg,Egocentric Capture Rig,active
lidar-c1,RPLIDAR C1,"<p>Direct time-of-flight, so accuracy holds at range instead of falling off the way triangulation does. This is the scanner MABEL's build guide recommends for mapping and Nav2.</p><ul><li>Direct time-of-flight — accurate at 12 m, not just at 3</li><li>5 000 samples/s at 10 Hz</li><li>Works in 40 klux — daylight through a window</li><li>ROS 2 driver, maintained</li></ul><h3>Scanning</h3><table><tr><th>Range</th><td>0.05–12 m</td></tr><tr><th>Sample rate</th><td>5 000 /s</td></tr><tr><th>Scan rate</th><td>8–12 Hz</td></tr><tr><th>Method</th><td>Direct time-of-flight</td></tr><tr><th>Angular resolution</th><td>0.72°</td></tr></table><h3>Environment</h3><table><tr><th>Ambient light</th><td>40 klux</td></tr><tr><th>Mass</th><td>110 g</td></tr><tr><th>Interface</th><td>UART / USB adapter</td></tr><tr><th>Supply</th><td>5 V</td></tr></table>",Slamtec,,sensors,"mabel,navigation,slam,2d-lidar",TRUE,Title,Default Title,MR-SEN-C1,shopify,continue,manual,119.00,TRUE,TRUE,https://robotmabel.github.io/store/assets/img/products/lidar-c1.svg,RPLIDAR C1,active
lidar-ld19,FHL-LD19 Lidar,"<p>A third of the price of the scanners it competes with, and direct time-of-flight rather than triangulation, so it holds accuracy at range better than its price suggests. Fifty grams.</p><ul><li>12 m DTOF for well under a hundred dollars</li><li>50 g — mount it anywhere</li><li>4 500 samples/s at 10 Hz</li><li>ROS 2 SDK</li></ul><h3>Scanning</h3><table><tr><th>Range</th><td>0.02–12 m</td></tr><tr><th>Sample rate</th><td>4 500 /s</td></tr><tr><th>Scan rate</th><td>10 Hz</td></tr><tr><th>Method</th><td>Direct time-of-flight</td></tr></table><h3>Environment</h3><table><tr><th>Ambient light</th><td>30 klux</td></tr><tr><th>Mass</th><td>50 g</td></tr><tr><th>Interface</th><td>UART</td></tr><tr><th>Supply</th><td>5 V</td></tr></table>",youyeetoo,,sensors,"navigation,slam,2d-lidar,budget",TRUE,Title,Default Title,MR-SEN-LD19,shopify,continue,manual,84.00,TRUE,TRUE,https://robotmabel.github.io/store/assets/img/products/lidar-ld19.svg,FHL-LD19 Lidar,active
lidar-mid360,Livox Mid-360,"<p>Full 3-D coverage around the robot in one small dome. Non-repetitive scanning means coverage keeps filling in the longer you dwell, which suits a robot that stops to work.</p><ul><li>360° horizontal, 59° vertical</li><li>Non-repetitive scan — coverage improves with dwell time</li><li>Built-in IMU for tightly-coupled odometry</li><li>40 m range at 10% reflectivity</li></ul><h3>Scanning</h3><table><tr><th>Field of view</th><td>360° × 59°</td></tr><tr><th>Range</th><td>40 m at 10% reflectivity</td></tr><tr><th>Point rate</th><td>200 000 points/s</td></tr><tr><th>Pattern</th><td>Non-repetitive</td></tr></table><h3>Integration</h3><table><tr><th>IMU</th><td>Built in, 200 Hz</td></tr><tr><th>Interface</th><td>Ethernet</td></tr><tr><th>Supply</th><td>9–27 V</td></tr><tr><th>Mass</th><td>265 g</td></tr></table>",Livox,,sensors,"navigation,slam,3d-lidar",TRUE,Title,Default Title,MR-SEN-M360,shopify,continue,manual,959.00,TRUE,TRUE,https://robotmabel.github.io/store/assets/img/products/lidar-mid360.svg,Livox Mid-360,active
imu-bno085,BNO085 9-DOF IMU,"<p>An IMU that hands you an orientation instead of three raw vectors. The fusion runs on the sensor, so the host gets a stable quaternion at 100 Hz without spending a core on a filter.</p><ul><li>On-chip fusion — quaternion out, not raw counts</li><li>Accelerometer, gyroscope and magnetometer</li><li>Automatic gyro calibration in the background</li><li>I²C, SPI or UART-RVC</li></ul><h3>Sensing</h3><table><tr><th>Axes</th><td>9 — accel, gyro, magnetometer</td></tr><tr><th>Output rate</th><td>100 Hz fused</td></tr><tr><th>Orientation accuracy</th><td>2.0° dynamic, 1.0° static</td></tr><tr><th>Gyro range</th><td>±2 000 °/s</td></tr></table><h3>Interface</h3><table><tr><th>Buses</th><td>I²C · SPI · UART-RVC</td></tr><tr><th>Supply</th><td>3.3 V</td></tr><tr><th>Reports</th><td>Rotation vector, linear accel, gravity, step, tap</td></tr></table>",MABEL Robotics,,sensors,"imu,orientation",TRUE,Title,Default Title,MR-SEN-BNO,shopify,continue,manual,29.00,TRUE,TRUE,https://robotmabel.github.io/store/assets/img/products/imu-bno085.svg,BNO085 9-DOF IMU,active
imu-tactical,Industrial-Grade IMU,"<p>When drift is the thing limiting your odometry, the fix is not a better filter — it is a better gyro. Two orders of magnitude less bias instability than a consumer part.</p><ul><li>0.5 °/h in-run bias stability</li><li>Factory temperature-calibrated over the full range</li><li>Aligned and characterised axes, with the coefficients on the unit</li><li>Fits a tightly-coupled lidar-inertial stack</li></ul><h3>Performance</h3><table><tr><th>Gyro bias instability</th><td>0.5 °/h</td></tr><tr><th>Angular random walk</th><td>0.15 °/√h</td></tr><tr><th>Accel bias instability</th><td>15 µg</td></tr><tr><th>Output rate</th><td>Up to 1 kHz</td></tr></table><h3>Interface</h3><table><tr><th>Buses</th><td>RS-422 · SPI</td></tr><tr><th>Supply</th><td>5 V</td></tr><tr><th>Calibration</th><td>Factory, −40 to 85 °C, coefficients on unit</td></tr></table>",MABEL Robotics,,sensors,"imu,navigation,slam",TRUE,Title,Default Title,MR-SEN-IMUT,shopify,continue,manual,1499.00,TRUE,TRUE,https://robotmabel.github.io/store/assets/img/products/imu-tactical.svg,Industrial-Grade IMU,active
ft-sensor,6-Axis Force/Torque Sensor,"<p>Three forces and three torques at the wrist, a thousand times a second. What turns position control into force control, and a rigid arm into one that can lean on something without breaking it.</p><ul><li>Fx, Fy, Fz, Tx, Ty, Tz at 1 kHz</li><li>Temperature compensated in hardware</li><li>Overload stops built into the structure</li><li>Mounts between the arm flange and the hand</li></ul><h3>Ranges</h3><table><tr><th>Fx, Fy</th><td>±200 N</td></tr><tr><th>Fz</th><td>±400 N</td></tr><tr><th>Tx, Ty</th><td>±10 N·m</td></tr><tr><th>Tz</th><td>±10 N·m</td></tr><tr><th>Resolution</th><td>0.05 N / 0.002 N·m</td></tr></table><h3>Interface</h3><table><tr><th>Output rate</th><td>1 kHz</td></tr><tr><th>Bus</th><td>EtherCAT · CAN · RS-485</td></tr><tr><th>Supply</th><td>24 V</td></tr><tr><th>Overload</th><td>Mechanical stops at 300% range</td></tr></table>",MABEL Robotics,,sensors,"force,manipulation,contact",TRUE,Title,Default Title,MR-SEN-FT6,shopify,continue,manual,1799.00,TRUE,TRUE,https://robotmabel.github.io/store/assets/img/products/ft-sensor.svg,6-Axis Force/Torque Sensor,active
tactile-fingertip,Tactile Fingertip Sensor,"<p>Contact sensing where contact happens. A magnetic taxel array under a cast silicone pad reads normal and shear force across the fingertip — enough to detect the moment an object starts to slip.</p><ul><li>Normal and shear across a 4 × 4 taxel array</li><li>Slip detection at 200 Hz</li><li>Silicone pad is a wear part — replaceable</li><li>Fits the ORCA fingertip</li></ul><h3>Sensing</h3><table><tr><th>Array</th><td>4 × 4 taxels</td></tr><tr><th>Axes per taxel</th><td>Normal + 2 shear</td></tr><tr><th>Range</th><td>0–10 N normal</td></tr><tr><th>Resolution</th><td>0.01 N</td></tr><tr><th>Output rate</th><td>200 Hz</td></tr></table><h3>Physical</h3><table><tr><th>Pad</th><td>Cast silicone, Shore A20, replaceable</td></tr><tr><th>Interface</th><td>I²C</td></tr><tr><th>Fitment</th><td>ORCA fingertip</td></tr></table>",MABEL Robotics,,sensors,"tactile,orca,hand,manipulation",TRUE,Title,Default Title,MR-SEN-TACT,shopify,continue,manual,299.00,TRUE,TRUE,https://robotmabel.github.io/store/assets/img/products/tactile-fingertip.svg,Tactile Fingertip Sensor,active
encoder-as5047,AS5047P Magnetic Encoder,"<p>The encoder inside most home-built FOC drives. Fourteen bits of absolute angle at up to 28 000 rpm, with the magnet and mount included so the air gap is right.</p><ul><li>14-bit absolute — 16 384 counts per revolution</li><li>Dynamic angle error compensation up to 28 000 rpm</li><li>SPI, ABI or PWM output</li><li>Diametric magnet and spacer included</li></ul><h3>Sensing</h3><table><tr><th>Resolution</th><td>14-bit absolute</td></tr><tr><th>Max speed</th><td>28 000 rpm</td></tr><tr><th>Air gap</th><td>0.5–2.5 mm</td></tr><tr><th>Accuracy</th><td>±0.17° with compensation</td></tr></table><h3>Interface</h3><table><tr><th>Outputs</th><td>SPI · ABI incremental · PWM · UVW</td></tr><tr><th>Supply</th><td>3.3 or 5 V</td></tr><tr><th>Includes</th><td>Diametric magnet, mount</td></tr></table>",MABEL Robotics,,sensors,"encoder,foc,joint",TRUE,Title,Default Title,MR-SEN-AS5047,shopify,continue,manual,16.99,TRUE,TRUE,https://robotmabel.github.io/store/assets/img/products/encoder-as5047.svg,AS5047P Magnetic Encoder,active
jetson-orin-nano,Jetson Orin Nano Super,"<p>The entry point, and the module MABEL's essential build uses. The carrier also accepts Orin NX modules, so it is a route to 16 GB later rather than a dead end.</p><ul><li>67 TOPS at 8 GB</li><li>Carrier accepts Orin NX modules — upgrade without a new board</li><li>15–25 W</li><li>MABEL's essential-tier compute</li></ul><h3>Compute</h3><table><tr><th>Module</th><td>Jetson Orin Nano 8 GB</td></tr><tr><th>AI performance</th><td>67 TOPS (INT8)</td></tr><tr><th>GPU</th><td>1 024-core Ampere, 32 tensor cores</td></tr><tr><th>CPU</th><td>6-core Arm Cortex-A78AE</td></tr><tr><th>Memory</th><td>8 GB LPDDR5, 102 GB/s</td></tr><tr><th>Power</th><td>7–25 W</td></tr></table><h3>I/O</h3><table><tr><th>Networking</th><td>1 × GbE (2.5 GbE on AGX)</td></tr><tr><th>Storage</th><td>M.2 NVMe</td></tr><tr><th>USB</th><td>USB 3.2 Type-A and Type-C</td></tr><tr><th>Camera</th><td>MIPI CSI-2</td></tr></table>",NVIDIA,,compute,"mabel,jetson,edge-ai",TRUE,Title,Default Title,MR-CMP-ORINNANO,shopify,continue,manual,459.00,TRUE,TRUE,https://robotmabel.github.io/store/assets/img/products/jetson-orin-nano.svg,Jetson Orin Nano Super,active
jetson-orin-nx16,Jetson Orin NX 16 GB + Carrier,"<p>Memory, not TOPS, is what binds a robot's compute. The policy, the visual SLAM front end, the planner and every camera stream have to be resident at once — and the module is soldered, so you choose this on day one or you buy it twice.</p><ul><li>16 GB — the constraint that actually binds</li><li>157 TOPS</li><li>Carrier included</li><li>MABEL's recommended tier</li></ul><h3>Compute</h3><table><tr><th>Module</th><td>Jetson Orin NX 16 GB</td></tr><tr><th>AI performance</th><td>157 TOPS (INT8)</td></tr><tr><th>GPU</th><td>1 024-core Ampere, 32 tensor cores</td></tr><tr><th>CPU</th><td>8-core Arm Cortex-A78AE</td></tr><tr><th>Memory</th><td>16 GB LPDDR5, 102 GB/s</td></tr><tr><th>Power</th><td>10–25 W</td></tr></table><h3>I/O</h3><table><tr><th>Networking</th><td>1 × GbE (2.5 GbE on AGX)</td></tr><tr><th>Storage</th><td>M.2 NVMe</td></tr><tr><th>USB</th><td>USB 3.2 Type-A and Type-C</td></tr><tr><th>Camera</th><td>MIPI CSI-2</td></tr></table>",NVIDIA,,compute,"mabel,jetson,edge-ai",TRUE,Title,Default Title,MR-CMP-ORINNX16,shopify,continue,manual,1499.00,TRUE,TRUE,https://robotmabel.github.io/store/assets/img/products/jetson-orin-nx16.svg,Jetson Orin NX 16 GB + Carrier,active
jetson-agx-orin,Jetson AGX Orin 64 GB,"<p>The development machine that emulates every smaller Orin module, so you can profile on it and deploy down. Sixty watts, which on a battery-powered robot means a power system designed for it.</p><ul><li>64 GB and 275 TOPS</li><li>Emulates every Orin module for profiling</li><li>60 W — plan the power system around it</li><li>12 lanes of camera input</li></ul><h3>Compute</h3><table><tr><th>Module</th><td>Jetson AGX Orin 64 GB</td></tr><tr><th>AI performance</th><td>275 TOPS (INT8)</td></tr><tr><th>GPU</th><td>2 048-core Ampere, 64 tensor cores</td></tr><tr><th>CPU</th><td>12-core Arm Cortex-A78AE</td></tr><tr><th>Memory</th><td>64 GB LPDDR5, 204.8 GB/s</td></tr><tr><th>Power</th><td>15–60 W</td></tr></table><h3>I/O</h3><table><tr><th>Networking</th><td>1 × GbE (2.5 GbE on AGX)</td></tr><tr><th>Storage</th><td>M.2 NVMe</td></tr><tr><th>USB</th><td>USB 3.2 Type-A and Type-C</td></tr><tr><th>Camera</th><td>MIPI CSI-2</td></tr></table>",NVIDIA,,compute,"mabel,jetson,edge-ai",TRUE,Title,Default Title,MR-CMP-AGXORIN,shopify,continue,manual,3999.00,TRUE,TRUE,https://robotmabel.github.io/store/assets/img/products/jetson-agx-orin.svg,Jetson AGX Orin 64 GB,active
jetson-thor,Jetson AGX Thor,"<p>Blackwell-class compute on a robot. This is what running a large vision-language-action model on board actually costs — and on MABEL's own bill of materials, this single line is the difference between an $8.5k robot and a $15k one.</p><ul><li>2 070 TFLOPS (FP4) — VLA models on board</li><li>128 GB unified memory</li><li>Blackwell GPU architecture</li><li>The maximum tier, and priced like it</li></ul><h3>Compute</h3><table><tr><th>Module</th><td>Jetson AGX Thor</td></tr><tr><th>AI performance</th><td>2 070 TFLOPS (FP4)</td></tr><tr><th>GPU</th><td>Blackwell architecture</td></tr><tr><th>CPU</th><td>14-core Arm Neoverse-V3AE</td></tr><tr><th>Memory</th><td>128 GB LPDDR5X, 273 GB/s</td></tr><tr><th>Power</th><td>40–130 W</td></tr></table><h3>I/O</h3><table><tr><th>Networking</th><td>1 × GbE (2.5 GbE on AGX)</td></tr><tr><th>Storage</th><td>M.2 NVMe</td></tr><tr><th>USB</th><td>USB 3.2 Type-A and Type-C</td></tr><tr><th>Camera</th><td>MIPI CSI-2</td></tr></table>",NVIDIA,,compute,"mabel,jetson,edge-ai",TRUE,Title,Default Title,MR-CMP-THOR,shopify,continue,manual,6299.00,TRUE,TRUE,https://robotmabel.github.io/store/assets/img/products/jetson-thor.svg,Jetson AGX Thor,active
pi5,"Raspberry Pi 5, 8 GB","<p>Not the machine that runs the policy — the one that runs the screen, the audio, the housekeeping and the web interface, so the Jetson's memory stays where it belongs.</p><ul><li>Quad Cortex-A76 at 2.4 GHz</li><li>PCIe 2.0 for NVMe</li><li>Two 4Kp60 display outputs</li><li>Offloads HRI and housekeeping from the Jetson</li></ul><h3>Compute</h3><table><tr><th>CPU</th><td>Quad-core Cortex-A76 at 2.4 GHz</td></tr><tr><th>Memory</th><td>8 GB LPDDR4X</td></tr><tr><th>GPU</th><td>VideoCore VII</td></tr></table><h3>I/O</h3><table><tr><th>Networking</th><td>Gigabit Ethernet, Wi-Fi 5</td></tr><tr><th>USB</th><td>2 × USB 3.0, 2 × USB 2.0</td></tr><tr><th>Expansion</th><td>PCIe 2.0 ×1, 40-pin GPIO</td></tr><tr><th>Display</th><td>2 × micro-HDMI 4Kp60</td></tr></table>",Raspberry Pi,,compute,"compute,aux",TRUE,Title,Default Title,MR-CMP-PI5,shopify,continue,manual,94.00,TRUE,TRUE,https://robotmabel.github.io/store/assets/img/products/pi5.svg,"Raspberry Pi 5, 8 GB",active
nvme-2tb,"NVMe SSD, 2 TB","<p>Demonstration data fills a disk faster than anyone expects — four camera streams plus joint states is roughly a gigabyte a minute. This is the drive that keeps a session going.</p><ul><li>2 TB, PCIe 4.0</li><li>7 000 MB/s read, 6 000 MB/s write</li><li>Fits the Jetson carrier's M.2 slot</li><li>Around 30 hours of four-camera episodes</li></ul><h3>Drive</h3><table><tr><th>Capacity</th><td>2 TB</td></tr><tr><th>Interface</th><td>PCIe 4.0 ×4, NVMe 1.4</td></tr><tr><th>Sequential read</th><td>7 000 MB/s</td></tr><tr><th>Sequential write</th><td>6 000 MB/s</td></tr><tr><th>Endurance</th><td>1 200 TBW</td></tr><tr><th>Form factor</th><td>M.2 2280</td></tr></table>",MABEL Robotics,,compute,"storage,data-collection",TRUE,Title,Default Title,MR-CMP-NVME2,shopify,continue,manual,139.00,TRUE,TRUE,https://robotmabel.github.io/store/assets/img/products/nvme-2tb.svg,"NVMe SSD, 2 TB",active
training-workstation,Training Workstation,"<p>The other half of the robot. Built and burned in for visuomotor policy training — enough VRAM for large batches of image observations, enough system memory to keep a dataset in page cache, and quiet enough to sit in a lab.</p><ul><li>RTX 5090, 32 GB VRAM</li><li>128 GB ECC system memory</li><li>4 TB NVMe scratch plus 8 TB dataset storage</li><li>Ships with CUDA, PyTorch and the MABEL training stack installed</li></ul><h3>Compute</h3><table><tr><th>GPU</th><td>NVIDIA RTX 5090, 32 GB GDDR7</td></tr><tr><th>CPU</th><td>16-core, 5.4 GHz boost</td></tr><tr><th>Memory</th><td>128 GB DDR5 ECC</td></tr></table><h3>Storage</h3><table><tr><th>Scratch</th><td>4 TB NVMe PCIe 5.0</td></tr><tr><th>Dataset</th><td>8 TB NVMe</td></tr></table><h3>Software</h3><table><tr><th>Preinstalled</th><td>Ubuntu 24.04, CUDA, PyTorch, MABEL training stack</td></tr><tr><th>Warranty</th><td>3 years, parts and labour</td></tr></table>",MABEL Robotics,,compute,"training,workstation",TRUE,Title,Default Title,MR-CMP-WS,shopify,continue,manual,6199.00,TRUE,TRUE,https://robotmabel.github.io/store/assets/img/products/training-workstation.svg,Training Workstation,active
hoto-precision-24,HOTO 24-in-1 Precision Screwdriver,"<p>The driver that lives on the bench. A knurled aluminium handle with a spinning cap, and twenty-four S2 bits in the sizes small robots actually use.</p><ul><li>24 S2 steel bits, magnetised</li><li>Spinning end cap for fine work</li><li>Aluminium handle, knurled</li><li>Magnetic bit storage in the base</li></ul><h3>Specification</h3><table><tr><th>Bits</th><td>24, S2 tool steel</td></tr><tr><th>Sizes</th><td>PH, SL, TRX, HEX, Y, U, pentalobe</td></tr><tr><th>Handle</th><td>CNC aluminium, knurled</td></tr><tr><th>Torque</th><td>Up to 3 N·m by hand</td></tr></table>",HOTO,,tools,"tools,assembly",TRUE,Title,Default Title,MR-TL-PRECI,shopify,continue,manual,34.00,TRUE,TRUE,https://robotmabel.github.io/store/assets/img/products/hoto-precision-24.svg,HOTO 24-in-1 Precision Screwdriver,active
hoto-electric-driver,HOTO Electric Precision Screwdriver,"<p>Assembling a robot means several hundred M3 screws. This does them at a consistent torque without wearing out your wrist, and still turns by hand for the last quarter turn.</p><ul><li>Three torque settings, 0.1–0.3 N·m</li><li>60-bit set included</li><li>Manual override — finish by feel</li><li>USB-C, 2 hours to full</li></ul><h3>Specification</h3><table><tr><th>Torque settings</th><td>3 (0.1 / 0.2 / 0.3 N·m)</td></tr><tr><th>Speed</th><td>200 rpm</td></tr><tr><th>Battery</th><td>350 mAh, USB-C</td></tr><tr><th>Bits</th><td>60, S2 steel</td></tr><tr><th>Light</th><td>Dual LED ring</td></tr></table>",HOTO,,tools,"tools,assembly",TRUE,Title,Default Title,MR-TL-ELECT,shopify,continue,manual,69.00,TRUE,TRUE,https://robotmabel.github.io/store/assets/img/products/hoto-electric-driver.svg,HOTO Electric Precision Screwdriver,active
hoto-ratchet-48,HOTO 48-in-1 Ratchet Wrench Set,"<p>For everything larger than a precision driver: extrusion bolts, wheel hubs, battery terminals. A 72-tooth ratchet needs only five degrees of swing, which matters inside a frame.</p><ul><li>72-tooth ratchet — 5° working swing</li><li>Sockets and bits, 48 pieces</li><li>Chrome-vanadium</li><li>Moulded case that closes when a piece is missing</li></ul><h3>Specification</h3><table><tr><th>Ratchet</th><td>72 tooth, 5° swing, 1/4 in drive</td></tr><tr><th>Pieces</th><td>48</td></tr><tr><th>Material</th><td>Chrome-vanadium steel</td></tr><tr><th>Sockets</th><td>4–14 mm</td></tr></table>",HOTO,,tools,"tools,assembly",TRUE,Title,Default Title,MR-TL-RATCH,shopify,continue,manual,54.00,TRUE,TRUE,https://robotmabel.github.io/store/assets/img/products/hoto-ratchet-48.svg,HOTO 48-in-1 Ratchet Wrench Set,active
hoto-laser-measure,HOTO Laser Distance Meter,"<p>Laying out a workspace, checking a mount height, measuring a room before you map it.</p><ul><li>40 m range, ±2 mm</li><li>Area and volume modes</li><li>Backlit display</li><li>USB-C charging</li></ul><h3>Specification</h3><table><tr><th>Range</th><td>0.05–40 m</td></tr><tr><th>Accuracy</th><td>±2 mm</td></tr><tr><th>Modes</th><td>Distance, area, volume, continuous</td></tr><tr><th>Battery</th><td>USB-C rechargeable</td></tr></table>",HOTO,,tools,"tools,assembly",TRUE,Title,Default Title,MR-TL-LASER,shopify,continue,manual,49.00,TRUE,TRUE,https://robotmabel.github.io/store/assets/img/products/hoto-laser-measure.svg,HOTO Laser Distance Meter,active
crimper-kit,Ratcheting Crimp Tool Kit,"<p>Three jaw sets and one ratcheting frame. A crimp that is not ratcheted is a crimp that will come apart in a cable chain six months from now.</p><ul><li>Ratcheting frame — consistent, complete crimps</li><li>Jaws for JST-GH, JST-XH/Dupont and ferrules</li><li>Adjustable crimp depth</li><li>Case with room for the contacts</li></ul><h3>Specification</h3><table><tr><th>Frame</th><td>Ratcheting, releasable</td></tr><tr><th>Jaws</th><td>3 sets — JST-GH, XH/Dupont, ferrule</td></tr><tr><th>Range</th><td>0.03–6 mm²</td></tr><tr><th>Adjustment</th><td>Crimp depth, 4 positions</td></tr></table>",MABEL Robotics,,tools,"tools,assembly",TRUE,Title,Default Title,MR-TL-KIT,shopify,continue,manual,79.00,TRUE,TRUE,https://robotmabel.github.io/store/assets/img/products/crimper-kit.svg,Ratcheting Crimp Tool Kit,active
caliper-digital,"Digital Calipers, 150 mm","<p>Measuring a bore before you order a bearing. Stainless jaws, absolute encoder, and it does not lose zero when you close it.</p><ul><li>±0.02 mm over 150 mm</li><li>Absolute encoder — no re-zero at power-on</li><li>IP54, survives swarf and coolant</li><li>Metric and imperial, with a fraction mode</li></ul><h3>Specification</h3><table><tr><th>Range</th><td>0–150 mm</td></tr><tr><th>Resolution</th><td>0.01 mm</td></tr><tr><th>Accuracy</th><td>±0.02 mm</td></tr><tr><th>Protection</th><td>IP54</td></tr><tr><th>Material</th><td>Hardened stainless</td></tr></table>",MABEL Robotics,,tools,"tools,assembly",TRUE,Title,Default Title,MR-TL-DIGIT,shopify,continue,manual,44.00,TRUE,TRUE,https://robotmabel.github.io/store/assets/img/products/caliper-digital.svg,"Digital Calipers, 150 mm",active
mabel-kit,MABEL Developer Kit,"<p>A complete mobile bimanual research robot, in parts. Every actuator, every machined and printed component, every cable and connector, the compute, the sensors — sorted into labelled subsystem boxes and shipped with the build guide, the CAD, the firmware and the simulation model. You assemble it, and in doing so you learn the machine well enough to modify it.</p><ul><li>Every part for a 56-DOF mobile bimanual robot, sorted by subsystem</li><li>Illustrated build guide, plus CAD, firmware, ROS 2 stack and MuJoCo twin</li><li>Structural parts arrive machined and printed — no fabrication needed</li><li>Swerve modules ship assembled and tested; you build the rest</li><li>Two build sessions of remote support included</li></ul><h3>Mobility</h3><table><tr><th>Base</th><td>3 × independent swerve modules</td></tr><tr><th>Motion</th><td>Holonomic — any heading, any facing, simultaneously</td></tr><tr><th>Top speed</th><td>1.5 m/s</td></tr><tr><th>Payload on base</th><td>20 kg above the drive plate</td></tr></table><h3>Manipulation</h3><table><tr><th>Arms</th><td>2 × 7-DOF, OpenArm-derived</td></tr><tr><th>Hands</th><td>2 × 17-DOF ORCA, tendon driven</td></tr><tr><th>Actuators</th><td>DAMIAO DM8009P, DM4340 and DM-J4310 joints</td></tr><tr><th>Hand actuators</th><td>34 × Feetech HL-series bus servos</td></tr><tr><th>Total functional DOF</th><td>56</td></tr><tr><th>Motors on board</th><td>59</td></tr></table><h3>Workspace</h3><table><tr><th>Lift column</th><td>0–635 mm, three stage</td></tr><tr><th>Torso pitch</th><td>DAMIAO DM10422P, 400 N·m</td></tr><tr><th>Reach</th><td>Floor to counter height</td></tr></table><h3>Perception</h3><table><tr><th>Head</th><td>3-DOF active mount, global-shutter stereo pair, 112° HFOV</td></tr><tr><th>Wrists</th><td>2 × global-shutter eye-in-hand cameras</td></tr><tr><th>Navigation</th><td>2-D DTOF lidar, 12 m</td></tr><tr><th>Proprioception</th><td>Dual encoders on every arm joint</td></tr></table><h3>Compute & buses</h3><table><tr><th>Onboard compute</th><td>NVIDIA Jetson, Orin Nano through AGX Thor</td></tr><tr><th>Real-time control</th><td>2 × Teensy 4.1 at 500 Hz</td></tr><tr><th>Actuator buses</th><td>3 × CAN for arms, torso and neck; TTL per hand</td></tr><tr><th>Network</th><td>2.5 GbE onboard spine</td></tr><tr><th>Software</th><td>ROS 2 Jazzy, MuJoCo and Isaac Lab twins</td></tr></table><h3>Interaction</h3><table><tr><th>Display</th><td>13 in body touchscreen</td></tr><tr><th>Expression</th><td>Animated LED-matrix eyes</td></tr><tr><th>Audio</th><td>Speaker and microphone</td></tr><tr><th>Teleoperation</th><td>Apple Vision Pro spatial app, with automatic episode logging</td></tr></table><h3>Power</h3><table><tr><th>Battery</th><td>2 × 24 V Li-ion packs</td></tr><tr><th>Runtime</th><td>≈ 90 min mixed driving and manipulation</td></tr><tr><th>Safety</th><td>Hardware e-stop, de-energises actuators independently of the host</td></tr></table>",MABEL Robotics,,robots,"mabel,robot,kit,research",TRUE,Title,Default Title,MR-ROB-KIT,shopify,continue,manual,15000.00,TRUE,TRUE,https://robotmabel.github.io/store/assets/img/products/mabel-kit.svg,MABEL Developer Kit,active
mabel-assembled,"MABEL, Assembled","<p>The same robot, built by the people who designed it. Every joint is calibrated, every camera is intrinsically and extrinsically calibrated, the arms are zeroed against the kinematic model, and the whole machine is run through a driving, manipulation and teleoperation acceptance test before it is crated. Unpack it, charge it, and start collecting data the same day.</p><ul><li>Assembled, wired and calibrated — kinematics, cameras, encoders</li><li>Acceptance-tested: drive, manipulate, teleoperate, record</li><li>Ships in a reusable flight case with the tool roll</li><li>Apple Vision Pro teleoperation app configured to your account</li><li>One year of hardware support, plus a half-day onboarding session</li></ul><h3>Mobility</h3><table><tr><th>Base</th><td>3 × independent swerve modules</td></tr><tr><th>Motion</th><td>Holonomic — any heading, any facing, simultaneously</td></tr><tr><th>Top speed</th><td>1.5 m/s</td></tr><tr><th>Payload on base</th><td>20 kg above the drive plate</td></tr></table><h3>Manipulation</h3><table><tr><th>Arms</th><td>2 × 7-DOF, OpenArm-derived</td></tr><tr><th>Hands</th><td>2 × 17-DOF ORCA, tendon driven</td></tr><tr><th>Actuators</th><td>DAMIAO DM8009P, DM4340 and DM-J4310 joints</td></tr><tr><th>Hand actuators</th><td>34 × Feetech HL-series bus servos</td></tr><tr><th>Total functional DOF</th><td>56</td></tr><tr><th>Motors on board</th><td>59</td></tr></table><h3>Workspace</h3><table><tr><th>Lift column</th><td>0–635 mm, three stage</td></tr><tr><th>Torso pitch</th><td>DAMIAO DM10422P, 400 N·m</td></tr><tr><th>Reach</th><td>Floor to counter height</td></tr></table><h3>Perception</h3><table><tr><th>Head</th><td>3-DOF active mount, global-shutter stereo pair, 112° HFOV</td></tr><tr><th>Wrists</th><td>2 × global-shutter eye-in-hand cameras</td></tr><tr><th>Navigation</th><td>2-D DTOF lidar, 12 m</td></tr><tr><th>Proprioception</th><td>Dual encoders on every arm joint</td></tr></table><h3>Compute & buses</h3><table><tr><th>Onboard compute</th><td>NVIDIA Jetson, Orin Nano through AGX Thor</td></tr><tr><th>Real-time control</th><td>2 × Teensy 4.1 at 500 Hz</td></tr><tr><th>Actuator buses</th><td>3 × CAN for arms, torso and neck; TTL per hand</td></tr><tr><th>Network</th><td>2.5 GbE onboard spine</td></tr><tr><th>Software</th><td>ROS 2 Jazzy, MuJoCo and Isaac Lab twins</td></tr></table><h3>Interaction</h3><table><tr><th>Display</th><td>13 in body touchscreen</td></tr><tr><th>Expression</th><td>Animated LED-matrix eyes</td></tr><tr><th>Audio</th><td>Speaker and microphone</td></tr><tr><th>Teleoperation</th><td>Apple Vision Pro spatial app, with automatic episode logging</td></tr></table><h3>Power</h3><table><tr><th>Battery</th><td>2 × 24 V Li-ion packs</td></tr><tr><th>Runtime</th><td>≈ 90 min mixed driving and manipulation</td></tr><tr><th>Safety</th><td>Hardware e-stop, de-energises actuators independently of the host</td></tr></table>",MABEL Robotics,,robots,"mabel,robot,assembled,research",TRUE,Title,Default Title,MR-ROB-ASM,shopify,continue,manual,25000.00,TRUE,TRUE,https://robotmabel.github.io/store/assets/img/products/mabel-assembled.svg,"MABEL, Assembled",active
mabel-arm,MABEL Arm,"<p>A single 7-DOF arm from the MABEL platform, on a bench stand. The same joints, the same harness and the same control stack as the full robot — for labs that need manipulation research without the mobile base.</p><ul><li>7 DOF, OpenArm geometry, DAMIAO joints with dual encoders</li><li>Bench stand and 24 V supply included</li><li>Calibrated against the published kinematic model</li><li>Runs the same ROS 2 stack and MuJoCo model as MABEL</li></ul><h3>Kinematics</h3><table><tr><th>Degrees of freedom</th><td>7</td></tr><tr><th>Reach</th><td>0.85 m</td></tr><tr><th>Payload</th><td>3 kg at full extension</td></tr></table><h3>Actuation</h3><table><tr><th>Shoulder</th><td>2 × DAMIAO DM8009P, 40 N·m</td></tr><tr><th>Roll and elbow</th><td>2 × DAMIAO DM4340, 9 N·m</td></tr><tr><th>Wrist</th><td>3 × DAMIAO DM-J4310</td></tr><tr><th>Feedback</th><td>Dual encoders on every joint</td></tr></table><h3>Interfaces</h3><table><tr><th>Bus</th><td>CAN, 1 Mbit/s</td></tr><tr><th>Supply</th><td>24 V DC, included</td></tr><tr><th>Control</th><td>MIT impedance mode, 500 Hz</td></tr><tr><th>Software</th><td>ROS 2 Jazzy, MuJoCo model</td></tr></table>",MABEL Robotics,,robots,"mabel,arm,openarm,research",TRUE,Title,Default Title,MR-ROB-ARM,shopify,continue,manual,4299.00,TRUE,TRUE,https://robotmabel.github.io/store/assets/img/products/mabel-arm.svg,MABEL Arm,active
orca-hand-pair,"ORCA Hands, Pair","<p>Two seventeen-degree-of-freedom tendon-driven hands, built, tendoned and tensioned. Building a hand is the fiddliest part of a bimanual robot; this is that job already done, with the tendons run in and the servos addressed.</p><ul><li>17 DOF each — 16 finger joints plus a wrist</li><li>34 Feetech bus servos, addressed and tested</li><li>Dyneema tendons run in and tensioned</li><li>Silicone fingertip pads, replaceable</li></ul><h3>Kinematics</h3><table><tr><th>Degrees of freedom</th><td>17 per hand</td></tr><tr><th>Fingers</th><td>4 + opposed thumb</td></tr><tr><th>Actuation</th><td>Tendon driven, Dyneema SK99</td></tr></table><h3>Actuation</h3><table><tr><th>Finger servos</th><td>16 × Feetech HL3915M per hand</td></tr><tr><th>Wrist servo</th><td>1 × Feetech HL3930M per hand</td></tr><tr><th>Bus</th><td>TTL, 1 Mbit/s, one chain per hand</td></tr></table><h3>Physical</h3><table><tr><th>Fingertips</th><td>Cast silicone, Shore A20, replaceable</td></tr><tr><th>Mount</th><td>MABEL / OpenArm wrist flange</td></tr><tr><th>Supply</th><td>12 V per hand</td></tr></table>",MABEL Robotics,,robots,"mabel,orca,hand,dexterous",TRUE,Title,Default Title,MR-ROB-HAND,shopify,continue,manual,2499.00,TRUE,TRUE,https://robotmabel.github.io/store/assets/img/products/orca-hand-pair.svg,"ORCA Hands, Pair",active
